Название суда;Категория;Регион;Председатель/Руководитель;Адрес;Телефоны;E-mail;Режим работы
Акмолинский областной суд;Областной суд;Акмолинская область;Амиров Досжан Сарманкулович;Акмолинская область, г.Кокшетау, ул.Горького 39;8-7162-55-97-89;0301@sud.kz;
Кокшетауский городской суд;Городской суд;Акмолинская область;Шакуанов Ринат Боташевич;Акмолинская область, г.Кокшетау, ул.Сатпаева 8.;8-7162-55-12-05;716-1265@sud.kz;
Степногорский городской суд;Городской суд;Акмолинская область;Бекентаева Бибигуль Каиргельдиновна;Акмолинская область, г.Степногорск, мкр 4, 49 здание.;8-7164-56-12-16;030222@sud.kz;
Аккольский районный суд;Районный суд;Акмолинская область;Жетибаев Жандос Копжасарович;Акмолинская область, Аккольский район, г.Акколь, ул.Нурмагамбетова, 63;8-7163-82-00-51;030203@sud.kz;
Аршалынский районный суд;Районный суд;Акмолинская область;Нурмагамбетов Бахытжан Магзумович;Акмолинская область, Аршалынский район, п.Аршалы, ул.Ташенова 23;8-7164-42-14-63;030204@sud.kz;
Астраханский районный суд;Районный суд;Акмолинская область;Машрапов Даулетияр Борибаевич;Акмолинская область, с.Астраханка, ул.Аль-Фараби 92.;8-7164-12-29-52;030205@sud.kz;
Атбасарский районный суд;Районный суд;Акмолинская область;Бекенов Нурлан Садуевич;Акмолинская область, г.Атбасар, ул. Лука Белаш 44 Б.;8-7164-35-31-42;030206@sud.kz;
Буландинский районный суд;Районный суд;Акмолинская область;Сулейменов Олжас Каиржанович;Акмолинская область, г.Макинск, ул.Сейфуллина 165.;8-7164-62-10-33;030207@sud,kz;
Бурабайский районный суд;Районный суд;Акмолинская область;Балабеков Абзал Умертаевич;Акмолинская область, г.Щучинск, ул.Абылайхана 30.;8-7163-64-39-02;030208@sud.kz;
Егиндыкольский районный суд;Районный суд;Акмолинская область;И.о. Аушахимов Азамат Ескенович;Акмолинская область, с.Егиндыколь, ул.Джамбула 3.;8-7164-22-12-47;030210@sud,kz;
Ерейментауский районный суд;Районный суд;Акмолинская область;Акишев Максат Амангельдинович;Акмолинская область, г.Ерейментау, ул.Женис 5.;8-7163-32-13-64;030212@sud.kz;
Есильский районный суд;Районный суд;Акмолинская область;Абишев Казбек Есимбекович;Акмолинская область, г.Есиль, ул.Тәуелсіздік 70.;8-7164-72-21-97;030213@sud,kz;
Жаксынский районный суд;Районный суд;Акмолинская область;Ахметжанов Ермек Басбатырович;Акмолинская область, село Жаксы, ул.Туктубаева д.39.;8-7163-52-13-82;030214@sud.kz;
Жаркаинский районный суд;Районный суд;Акмолинская область;И.о. Костырев Николай Владимирович;Акмолинская область, г.Державинск, ул.М.Габдуллина 162.;8-7164-89-18-35;030216@sud.kz;
Зерендинский районный суд;Районный суд;Акмолинская область;Хасенов Кайрат Кайркенович;Акмолинская область, с.Зеренда, ул.Мира 58.;8-7163-22-25-75;030217@sud.kz;
Коргалжинский районный суд;Районный суд;Акмолинская область;Темирханов Данияр Дидарбекович;Акмолинская область, с.Коргалжын, ул.Х.Болганбаева 20.;8-7163-72-22-19;716-4060@sud.kz;
Сандыктауский районный суд;Районный суд;Акмолинская область;Сексенбаева Лариса Джазитовна;Акмолинская область, с.Балкашино, ул. Абылайхана 124.;8-7164-09-12-40;030221@sud.kz;
Суд района Биржан сал;Районный суд;Акмолинская область;Анарбекова Гульмира Дуйсебаевна;Акмолинская область, г.Степняк, ул.Биржан сала 48.;8-7163-92-14-94;030211@sud.kz;
Целиноградский районный суд;Районный суд;Акмолинская область;Шамшинурова Ажаргуль Муратовна;Акмолинская область, аул Акмол, ул.Гагарина, строения 2/6.;8-7165-13-02-02;030223@sud.kz;
Шортандинский районный суд;Районный суд;Акмолинская область;Нұржан Бейбіт Нұржанұлы;Акмолинская область, пос.Шортанды, ул.Абылайхана 24.;8-7163-12-23-24;716-4411@sud.kz;
Специализированный межрайонный административный суд г.Кокшетау;Специализированный административный суд;Акмолинская область;Альжанов Бауыржан Серикович;Акмолинская область, г.Кокшетау, ул.Потанина 46А.;-;-;
Специализированный суд по административным правонарушениям г.Кокшетау;Специализированный административный суд;Акмолинская область;И.о. Тулиев Серик Турлыбекович;Акмолинская область, г.Кокшетау, ул.Сатпаева 8.;8-7162-55-12-01;030219@sud.kz;
Специализированный межрайонный экономический суд;Специализированный экономический суд;Акмолинская область;Аймухамедов Азамат Асылбекович;Акмолинская область, г.Кокшетау, ул.Горького 37.;8-7162-25-06-20;716-2470@sud.kz;
Специализированный межрайонный суд по уголовным делам;Суд по уголовным делам;Акмолинская область;Бектурсунов Торкалы Болатович;Акмолинская область, г.Кокшетау, ул.Потанина 46 А.;8-7162-55-97-80;030202@sud.kz;
Специализированный следственный суд города Кокшетау Акмолинской области;Следственный суд;Акмолинская область;Кәкім Ильяс Қазбекұлы;Акмолинская область, г.Кокшетау, ул.Сатпаева,8;8-7162-55-12-19;030258@sud.kz;
Специализированный межрайонный суд по делам несовершеннолетних;Суд по делам несовершеннолетних;Акмолинская область;Жуматова Айсулу Умирсериковна;Акмолинская область, г.Кокшетау, ул.Потанина 46 А.;8-7162-55-96-43;030225@sud.kz;
Администратор судов по Акмолинской области;Администратор судов (Судебная администрация);Акмолинская область;Сапарбек Данияр;г.Кокшетау, ул.Горького 39;8-7162-55-97-53;0301@sud.kz;
Актюбинский областной суд;Областной суд;Актюбинская область;Мергалиев Асламбек Амангельдинович;"Актюбинская область, г. Актобе, ул. Сатпаева, 2 ""Б""";8-7132-70-48-00;0401@sud.kz;
Районный суд №2 Мугалжарского района;Городской суд;Актюбинская область;Муканов Аслан Абилгазиевич;Актюбинская область, Мугалжарский район, г.Эмба, ул. Толе би, 1;8-7133-42-24-95;040210@sud.kz;
Суд г.Актобе;Городской суд;Актюбинская область;Сембеков Канат Сейтжаппарович;Актюбинская область, г. Актобе, ул. Сатпаева, 16;8-7132-55-07-01;040203@sud.kz;
Суд № 3 города Актобе Актюбинской области;Городской суд;Актюбинская область;Аманкулова Назира Олжабаевна;Актюбинская область, г. Актобе, ул. Сатпаева, 16;8-7132-56-87-99;713-2160@sud.kz;
Суд №2 г.Актобе;Городской суд;Актюбинская область;Тасымбетов Сейфулла Закарияевич;Актюбинская область, г. Актобе, ул. Сатпаева, 16;8-7132-56-72-46;040204@sud.kz;
Айтекебийский районный суд;Районный суд;Актюбинская область;Аятов Жанибек Салманулы;Актюбинская область, Айтекебийский район, с.Комсомольское, ул. Жибек жолы, 16;8-7133-92-13-73;040205@sud.kz;
Алгинский районный суд;Районный суд;Актюбинская область;Муратканов Исдаур Скиндирович;Актюбинская область,г.Алга, ул. Есет батыра, 26;8-7133-74-14-38;040206@sud.kz;
Байганинский районный суд;Районный суд;Актюбинская область;Куанышев Жанас Базарович;Актюбинская область,Байганинский район, с.Карауыулкелди, ул. Барак батыра, 31;8-71345-22-1-38;040207@sud.kz;
Иргизский районный суд;Районный суд;Актюбинская область;Бақытжан Ерлан Сагинаевич;Актюбинская область,Иргизский район, с.Иргиз, ул. Жангельдина, 25;8-7134-32-13-29;040213@sud.kz;
Каргалинский районный суд;Районный суд;Актюбинская область;Махметов Ермек Жанбырбаевич;"Актюбинская область,Каргалинский район, с.Бадамша, ул. Айтекеби, 25 ""А""";8-7134-22-23-77;040214@sud.kz;
Кобдинский районный суд;Районный суд;Актюбинская область;Сейтжаппаров Жанибек Максутович;Актюбинская область, Кобдинский район, с.Кобда, ул. Сейфуллина, 9;8-7134-12-16-81;040217@sud.kz;
Мартукский районный суд;Районный суд;Актюбинская область;Ногаев Саламат Жетыбаевич;"Актюбинская область, Мартукский район, с.Мартук, ул.Сейфуллина , 17 ""А""";8-7133-12-12-82;040208@sud.kz;
Мугалжарский районный суд;Районный суд;Актюбинская область;Анарбаев Абитхан Темирбаевич;Актюбинская область, Мугалжарский район, г.Кандыагаш, ул. Интернациональная 18;8-7133-33-28-22;040209@sud.kz;
Темирский районный суд;Районный суд;Актюбинская область;Бактыгалиев Нурлан Амантурлиевич;Актюбинская область, Темирский район, п.Шубаркудук, ул. Желтоксан 3/2,;8-7134-62-24-88;040215@sud.kz;
Уилский районный суд;Районный суд;Актюбинская область;Танимова Сауле Зинуллаевна;Актюбинская область, Уилский район, с.Уил, ул. Курманова, 91/1;8-7133-22-10-43;040216@sud.kz;
Хромтауский районный суд;Районный суд;Актюбинская область;Балмуханов Айсултан Жабаевич;"Актюбинская область, Хромтауский район, г.Хромтау, ул. Ауэзова, 1 ""А""";8-7133-62-17-26;040211@sud.kz;
Шалкарский районный суд;Районный суд;Актюбинская область;Бактыгереев Оралбек Абишулы;Актюбинская область, Шалкарский район, г.Шалкар, ул. Есет Котибарулы, 55;8-7133-52-12-57;040212@sud.kz;
Специализированный межрайонный административный суд города Актобе;Специализированный административный суд;Актюбинская область;Бисенова Ляззат Мырзалықызы;Актюбинская область, г. Актобе, ул.Г.Жубановой, 110;-;-;
Специализированный суд по административным правонарушениям города Актобе;Специализированный административный суд;Актюбинская область;Калмухамбетов Амангельды Калижанович;"Актюбинская область, г. Актобе, с.Каргалинское, ул.К.Сатпаева, 10 ""Б""";8-7132-98-52-06;040201@sud.kz;
Специализированный межрайонный экономический суд Актюбинской области;Специализированный экономический суд;Актюбинская область;Дауренбеков Айбек Дауренбекович;"Актюбинская область, г. Актобе, ул. Сатпаева, 8""А""";8-7132-55-25-34;040202@sud.kz;
Специализированный межрайонный суд по уголовным делам Актюбинской области;Суд по уголовным делам;Актюбинская область;Мулдагалиев Ахметкали Капизович;Актюбинская область, г. Актобе, ул. Калдаякова, 34;8-7132-50-23-53;040218@sud.kz;
Специализированный следственный суд города Актобе Актюбинской области;Следственный суд;Актюбинская область;Дуйсен Максат Кудайбергенулы;"Актюбинская область,г.Актобе, ул. К.Рыскулбекова, 49""А""";8-7132-25-27-55;04258@sud.kz;
Специализированный межрайонный суд по делам несовершеннолетних Актюбинской области;Суд по делам несовершеннолетних;Актюбинская область;Ормаханов Нурлыбек Бостандыкович;Актюбинская область, г. Актобе, ул. Сатпаева, 16;8-7132-55-06-22;040219@sud.kz;
Военный суд Актюбинского гарнизона;Военный суд;Актюбинская область;Кадиров Шынболат Назаргалиевич;"г.Актобе, ул.Есет батыра, 41 ""Б""";8-7132-50-08-73;040220@sud.kz;
Администратор судов по Актюбинской области;Администратор судов (Судебная администрация);Актюбинская область;Бейсенбаев Баглан Сабыржанулы;"г. Актобе, ул. Сатпаева, 2 Б;";8-7132-70-48-70;0401@sud.kz;
Алматинский областной суд;Областной суд;Алматинская область;Абдыкадыров Елис Нуркасымович;Алматинская область,г.Талдыкорган, ул Тауелсиздик 53 А;8-7282-55-87-50;0501@sud.kz;
Капшагайский городской суд;Городской суд;Алматинская область;Куренбеков Олжас Куатович;Алматинская область, г.Капшагай, ул.Абая, 5;8-72772-4-12-78;050212@sud.kz;
Районный суд № 2 Алакольского района;Городской суд;Алматинская область;И.о. Турехулов Даурен Алибекович;Алматинская область, Алакольский район, с. Кабанбай, ул.Абылайхана, 316;8-72837-4-15-25;050206@sud.kz;
Районный суд № 2 Енбекшиказахского района;Городской суд;Алматинская область;Байболов Ержан Калимолданович;Алматинская область, Енбекшиказахский район, с.Шелек, ул.Абая, 173;8-72776-2-19-91;050208@sud.kz;
Районный суд № 2 Кербулакского района;Городской суд;Алматинская область;Умбетай Абдилла Муваракулы;Алматинская область, Кербулакский район, село Когалы, ул.Табаякова, 33;8-72842-9-11-02;050214@sud.kz;
Талдыкорганский городской суд;Городской суд;Алматинская область;Егеубеков Ермек Ерубекович;Алматинская область, г.Талдыкорган ул.Абылайхана, 116;8-7282-24-04-22;050203@sud.kz;
Текелийский городской суд;Городской суд;Алматинская область;Секербеков Бахытжан Турарбекович;Алматинская область г.Текели, ул.Ауезова, 2 А;8-7283-54-48-20;050220@sud.kz;
Аксуский районный суд;Районный суд;Алматинская область;И.о. Мадиев Азамат Муратович;Алматинская область, Аксуский район, с.Жансугурова, ул.Желтоксан,3 «А»;8-7283-22-18-91;050204@sud.kz;
Алакольский районный суд;Районный суд;Алматинская область;Асаубаева Эльмира Омаровна;Алматинская область, Алакольский район, г.Ушарал, ул.Безродных 22;8-7283-32-20-52;050205@sud.kz;
Енбекшиказахский районный суд;Районный суд;Алматинская область;Абдраимов Азамат Карипжанович;Алматинская область, Енбекшиказахский район, г.Иссык, ул.С.Абдиева, 194;8-72775-4-30-00;050207@sud.kz;
Ескельдинский районный суд;Районный суд;Алматинская область;Садабаева Гульжазира;Алматинская область, Ескельдинский район, п.Карабулак, ул.Балпык би, 110;8-72836-3-16-73;050226@sud.kz;
Жамбылский районный суд;Районный суд;Алматинская область;Устелбаев Есен Телендеевич;Алматинская область, Жамбылский район,с.Узунагаш, ул.Саурык батыра, 196;8-7277-02-11-29;050210@sud.kz;
Илийский районный суд;Районный суд;Алматинская область;Садвакасов Ертаргын Рахимович;Алматинская область, Илийский район, п.Отеген батыр, ул.Батталханова, 14;8-7275-22-16-04;050223@sud.kz;
Карасайский районный суд;Районный суд;Алматинская область;Кошикбаев Мади Жаубасарулы;Алматинская область, Карасайский район, г.Каскелен, ул.Б.Момышулы, 5;8-72771-7-99-03;050224@sud.kz;
Каратальский районный суд;Районный суд;Алматинская область;Талданбаев Шалкар Нургазин;Алматинская область, Каратальский район, г.Уштобе, ул.Абылайхана, 70 «А»;8-7283-42-14-73;050211@sud.kz;
Кегенский районный суд;Районный суд;Алматинская область;И.о. Мылтыкбаева Асем Елемесовна;Алматинская область, Кегенский район, с.Кеген, ул.Райымбек, 63 В;8-72777-2-90-01;050217@sud.kz;
Коксуский районный суд;Районный суд;Алматинская область;Тынысбекова Гаухар Каримовна;Алматинская область, Коксуский район, село Балпык би, ул.Мырзабекова, 38;8-72838-2-06-31;050215@sud.kz;
Панфиловский районный суд;Районный суд;Алматинская область;Күзембай Берік Тілеуғалиұлы;Алматинская область Панфиловский район, г.Жаркент, ул.Головацского, 127 «А»;8-72831-5-18-37;050216@sud.kz;
Райымбекский районный суд;Районный суд;Алматинская область;И.о. Сексенбаев Турсынбай Байбекович;Алматинская область, Райымбекский район, с. Нарынкол, ул.Райымбек, 29;8-7277-92-14-32;050218@sud.kz;
Сарканский районный суд;Районный суд;Алматинская область;И.о. Жукенов Марат Арынович;Алматинская область, Саркандский район, ул.Бугыбай батыра 4;8-72839-2-12-91;050219@sud.kz;
Талгарский районный суд;Районный суд;Алматинская область;Текетаев Максут Нысанбаевич;Алматинская область, Талгарский район, г.Талгар, ул.Гагарина, 90;8-727-295-69-99;050225@sud.kz;
Уйгурский районный суд;Районный суд;Алматинская область;Тульбаев Ерик Абдыкадырович;Алматинская область,Уйгурский район, с.Чунджа, ул.Арзиева, 65;8-72778-2-10-95;050221@sud.kz;
Карасайский специализированный межрайонный суд по административным правонарушениям;Специализированный административный суд;Алматинская область;И.о. Байырбекова Гульзипа Абдулакимовна;Алматинская область,Карасайский район, г.Каскелен, ул.Толе би, 52;8-72773-00-11-17;050209@sud.kz;
Специализированный межрайонный административный суд Алматинской области;Специализированный административный суд;Алматинская область;Нуржанов Аманкельды Ахметович;Алматинская область, г.Талдыкорган пр.Н.Назарбаева, 53А;-;-;
Специализированный межрайонный административный суд №2 Алматинской области;Специализированный административный суд;Алматинская область;Идрисов Мэлс Ермганбетович;Алматинская область,Карасайский район, г.Каскелен, ул.Б.Момышулы, 5;-;-;
Талдыкорганский специализированный межрайонный суд по административным правонарушениям;Специализированный административный суд;Алматинская область;Алдабергенова Эльмира Сатыбалдиевна;Алматинская область, г.Талдыкорган ул Ескелды би, 1;8-7282-32-97-60;050201@sud.kz;
Специализированный межрайонный экономический суд Алматинской области;Специализированный экономический суд;Алматинская область;Кожахметов Берик Акишханович;Алматинская область, г.Талдыкорган ул.Абылайхана, 116;8-7282-24-44-21;050202@sud.kz;
Специализированный межрайонный суд по уголовным делам Алматинской области;Суд по уголовным делам;Алматинская область;Тохтахунов Мухидин Тохтасунович;Алматинская область, г.Талдыкорган, ул.Каблиса Жырау, 69;8-7282-24-18-56;050227@sud.kz;
Специализированный следственный суд г.Талдыкорган Алматинской области;Следственный суд;Алматинская область;Алдабергенов Айдын Сайлаубекович;Алматинская область, г.Талдыкорган, ул Тауелсиздик 53 А;8-7282-55-87-64;050258@sud.kz;
Специализированный межрайонный суд по делам несовершеннолетних №1 Алматинской области;Суд по делам несовершеннолетних;Алматинская область;Нусипова Жанна Дуйсенхановна;Алматинская область, г.Талдыкорган, ул.Каблиса Жырау, 69;8-7282-24-28-40;050228@sud.kz;
Специализированный межрайонный суд по делам несовершеннолетних №2 Алматинской области;Суд по делам несовершеннолетних;Алматинская область;Беимбетова Жанар Адайбековна;Алматинская область, Карасайский район, г.Каскелен, ул.Б.Момышулы, 5;8-7277-17-99-28;050229@sud.kz;
Администратор судов Алматинской области;Администратор судов (Судебная администрация);Алматинская область;Бурашев Манас Серикович;г.Талдыкорган, ул Тауелсиздик 53 А,;8 -7282-55-87-80;728-0009@sud.kz;
Атырауский областной суд;Областной суд;Атырауская область;Жумагулов Бауыржан Турсунович;Атырауская область, г.Атырау ул.Сатпаева 62;8-7122-55-82-22;0601@sud.kz;
Атырауский городской суд;Городской суд;Атырауская область;Жақсылық Жасұлан Берікұлы;Атырауская область, г.Атырау ул.Сатпаева 3;8-7122-21-57-80;060203@sud.kz;
Суд №2 города Атырау;Городской суд;Атырауская область;Нагашыбаев Мирамбек Ибрагимулы;Атырауская область, г.Атырау, ул. Махамбета 118 Д;8-7122-32-28-33;060204@sud.kz;
Жылыойский районный суд;Районный суд;Атырауская область;Жумабаев Болатбек Бактыгалиевич;Атырауская область, г.Кульсары, ул.И.Тайманова 5;8-71237-5-16-26;060205@sud.kz;
Индерский районный суд;Районный суд;Атырауская область;Хабаров Жанат Саматович;Атырауская область,Индерский район, село Индерборский ул. Сатпаева, 16;8-71234-2-19-57;060209@sud.kz;
Исатайский районный суд;Районный суд;Атырауская область;И.о. Мухаметова Жазира Ержановна;Атырауская область, Исатайский район, село Аккистау, улица Егеменди Казахстан,10А;8-71231-2-05-46;060210@sud.kz;
Курмангазинский районный суд;Районный суд;Атырауская область;Амангалиев Ерболат Каллешович;Атырауская область, Курмангазинский район, село Курмангазы, ул.Нажмеденова, 24;8-71233-2-15-73;060206@sud.kz;
Кызылкогинский районный суд;Районный суд;Атырауская область;Досмагамбетова Айтжан Багитжановна;Атырауская область, Кызылкогинский район, село Миялы, улица Абая, дом 6;8-71238-2-11-37;060211@sud.kz;
Макатский районный суд;Районный суд;Атырауская область;Чингисов Галым Ануарович;Атырауская область, Макатский район, пос. Макат, ул. Мукашева, 32;8-71239-3-04-44;060208@sud.kz;
Махамбетский районный суд;Районный суд;Атырауская область;Кадыргалиев Базаргали Мамышевич;Атырауская область. Махамбетский район, село Махамбет ул. Абая, 27;8-71236-2-20-65;060207@sud.kz;
Специализированный межрайонный административный суд г. Атырау;Специализированный административный суд;Атырауская область;Абдолов Нурбол Досжанович;Атырауская область, г.Атырау, ул.Сатбаева, 3Б;-;-;
Специализированный суд по административным правонарушениям г. Атырау;Специализированный административный суд;Атырауская область;Абдугалиева Самал Сарсенбековна;Атырауская область, г.Атырау, пр.Азаттык 140;8-7122-45-62-72;060201@sud.kz;
Специализированный межрайонный экономический суд Атырауской области;Специализированный экономический суд;Атырауская область;Жансыкбаев Рустем Ильянович;Атырауская область, г.Атырау ул.Сатпаева 3;8-7122-20-18-18;060202@sud.kz;
Специализированный межрайонный суд по уголовным делам Атырауской области;Суд по уголовным делам;Атырауская область;Даулетова Гульмира Бердешовна;Атырауская область, г.Атырау, пр. Азаттык,140;8-7122-45-69-42;060212@sud.kz;
Специализированный следственный суд города Атырау Атырауской области;Следственный суд;Атырауская область;Дюсебалиева Бахытгуль Сагиновна;Атырауская область, г.Атырау, пр.Азаттык 140;8-7122-45-62-11;060258@sud.kz;
Специализированный межрайонный суд по делам несовершеннолетних Атырауской области;Суд по делам несовершеннолетних;Атырауская область;Ташенова Айгуль Куанышевна;Атырауская область, г.Атырау, пр. Азаттык,140;8-7122-45-69-31;060213@sud.kz;
Администратор судов по Атырауской области;Администратор судов (Судебная администрация);Атырауская область;Джумагалиева Гульжан Махсотовна;Атырауская область, г.Атырау, ул.Сатпаева 62;8-7122-55-82-22;0601@sud.kz;
Восточно-Казахстанский областной суд;Областной суд;Восточно-Казахстанская область;И.о. Чакпантаев Кайрат Муратович;Восточно-Казахстанская область, г. Усть-Каменогорск, ул. Ю. Увалиева 5;8-7232-56-04-26;1601@sud.kz;
Курчатовский городской суд;Городской суд;Восточно-Казахстанская область;Рауясова Эльмира Зайнеловна;Восточно-Казахстанская область, г.Курчатов, ул. Абая 16;8-7225-13-37-94;160220@sud.kz;
Районный суд №2 Жарминского района;Городской суд;Восточно-Казахстанская область;Адильжанов Тлеухан Советханович;Восточно-Казахстанская область, г.Шар, ул. Амангелды 116;8-7234-52-11-72 8-7234-52-11-20 8-7234-52-10-05;160230@sud.kz;
Районный суд №2 Катон-Карагайского района;Городской суд;Восточно-Казахстанская область;И.о. Кудербаева Гульнар Турсынгаливна;Восточно-Казахстанская область,Катон-Карагайский район, с. Катон-Карагай, ул. Абая 73/1;8-7234-22-14-54;160218@sud.kz;
Районный суд №2 Кокпектинского района;Городской суд;Восточно-Казахстанская область;Қаджиақпаров Біржан Кұатұлы;Восточно-Казахстанская область, Кокпектинский район, с. Самарское, ул. Астана 98;8-7233-33-30-75;160224@sud.kz;
Районный суд №2 Курчумского района;Городской суд;Восточно-Казахстанская область;Омаров Руслан Еркинбекович;Восточно-Казахстанская область, Курчумский район, с. Теректы, ул. Б.Момышулы 17;8-7234-32-12-50;160235@sud.kz;
Районный суд №2 Тарбагатайского района;Городской суд;Восточно-Казахстанская область;И.о. Баятар Жамбыл Асадинұлы;Восточно-Казахстанская область,Тарбагатайский район, с.Акжар, ул.Байжигит 73;8-7234-42-13-42;160215@sud.kz;
Районный суд №2 Уланского района;Городской суд;Восточно-Казахстанская область;Амхеджанов Серикбосын Калиханович;Восточно-Казахстанская область, Уланский район, с. Таврическое, ул. Луговой 14;8-7233-42-05-98;160234@sud.kz;
Районный суд №2 Урджарского района;Городской суд;Восточно-Казахстанская область;Молдабаев Миржан Даулетович;Восточно-Казахстанская область,Урджарский район, с. Маканчи, ул. Озмителя 19;8-7223-94-15-78;160222@sud.kz;
Районный суд №2 района Алтай;Городской суд;Восточно-Казахстанская область;Костубаев Ерлан Мырзатаевич;Восточно-Казахстанская область, г.Серебрянск, ул. Веденеева16;8-7233-72-52-53 8-7233-72-52-81 8-7233-72-51-50;160227@sud.kz;
Риддерский городский суд;Городской суд;Восточно-Казахстанская область;Оспанова Галия Женисовна;Восточно-Казахстанская область, г.Риддер, ул. Тохтарова 6 а;8-7233-64-22-20;160211@sud.kz;
Семейский городской суд;Городской суд;Восточно-Казахстанская область;Абдикаримов Нуржан Бейбитбекович;Восточно-Казахстанская область, г.Семей, ул. Кабанбай батыра 22;8-7222-60-10-01;160206@sud.kz;
Суд № 2 города Семей;Городской суд;Восточно-Казахстанская область;Абенова Жанат Тлеубаевна;Восточно-Казахстанская область, г.Семей, пл. Мелкомбината 1;8-7222-33-86-99;160207@sud.kz;
Суд №2 города Усть-Каменогорск;Городской суд;Восточно-Казахстанская область;Ибраев Сайран Муфлинұлы;Восточно-Казахстанская область, г. Усть-Каменогорск, ул.Бажова 2.;8-7232-22-48-71;160204@sud.kz;
Усть-Каменогорский городской суд;Городской суд;Восточно-Казахстанская область;Шериязданов Рашат Исламович;Восточно-Казахстанская область, г. Усть-Каменогорск, ул. К.Кайсенова 55;8-7232-26-66-87;160203@sud.kz;
Абайский районный суд;Районный суд;Восточно-Казахстанская область;Адильбеков Ербол Елибекович;Восточно-Казахстанская область, Абайский район, с. Караул, ул. Абая 47;8-7225-29-12-40;160213@sud.kz;
Аягузский районный суд;Районный суд;Восточно-Казахстанская область;Мергембаев Бергали Нургалиевич;Восточно-Казахстанская область,, г. Аягоз, бульвар Абая 18/2;8-7223-73-27-56;160216@sud.kz;
Бескарагайский районный суд;Районный суд;Восточно-Казахстанская область;Калиев Ардак Серикбосынович;Восточно-Казахстанская область, Бескарагайский район, с. Бескарагай, ул. Ауэзова 41;8-7223-69-12-67;160201@sud.kz;
Бородулихинский районный суд;Районный суд;Восточно-Казахстанская область;И.о. Токшекенов Ербол Есекенович;Восточно-Казахстанская область, Бородулихинский район, с. Бородулиха, ул. Колхозная 1;8-7235-12-12-51;160231@sud.kz;
Глубоковский районный суд;Районный суд;Восточно-Казахстанская область;Жансеит Серик Жансеитулы;Восточно-Казахстанская область,Глубоковский район, п. Глубокое, ул. Пирогова 21;8-7233-12-33-26;160219@sud.kz;
Жарминский районный суд;Районный суд;Восточно-Казахстанская область;И.о. Садуакасова Айгуль Мухаевна;Восточно-Казахстанская область,Жарминский район, с. Калбатау, ул. Бабатайулы 34;8-7234-76-58-78;160229@sud.kz;
Зайсанский районный суд;Районный суд;Восточно-Казахстанская область;Хасенбаев Нияз Зиядабекулы;Восточно-Казахстанская область, г. Зайсан, ул. Кондюрина 1;8-7234-02-13-60;160232@sud.kz;
Катон-Карагайский районный суд;Районный суд;Восточно-Казахстанская область;И.о. Нурсапинов Нурлан Серикканович;Восточно-Казахстанская область, Катон-Карагайский район, с. Улькен Нарын, ул. Абылайхана 86;8-7234-12-14-45;160217@sud.kz;
Кокпектинский районный суд;Районный суд;Восточно-Казахстанская область;Жаныбекова Нургуль Бериккановна;Восточно-Казахстанская область, Кокпектинский район, с.Кокпекты, ул. Кабанбай Батыра 65 а;8-72348-2-11-39;160223@sud.kz;
Курчумский районный суд;Районный суд;Восточно-Казахстанская область;Байжумин Нурлан Болтанович;Восточно-Казахстанская область, Курчумский район, с. Курчум, ул. Бауыржана-Момышулы 11 а;8-7233-93-18-75;160233@sud.kz;
Суд района Алтай;Районный суд;Восточно-Казахстанская область;Садыкова Айнур Камзабековна;Восточно-Казахстанская область,г.Зыряновск, ул. Стахановская 9/1;8-7233-56-39-09;160225@sud.kz;
Тарбагатайский районный суд;Районный суд;Восточно-Казахстанская область;Садуакасова Кабира Мухамедсагиевна;Восточно-Казахстанская область,Тарбагатайский район, с. Аксуат, ул. Абылайхана13;8-7234-62-14-46;160214@sud.kz;
Уланский районный суд;Районный суд;Восточно-Казахстанская область;Али Аскар Мухаметжанулы;Восточно-Казахстанская область, Уланский район, п. К.Кайсенова, ул. Нуржау 1;8-7233-82-71-77;160228@sud.kz;
Урджарский районный суд;Районный суд;Восточно-Казахстанская область;Оспанова Шынар Омыркалыевна;Восточно-Казахстанская область, Урджарский район, с. Урджар, ул. Шынгожа Батыра 68 Б;8-7223-03-34-45;160221@sud.kz;
Шемонаихинский районный суд;Районный суд;Восточно-Казахстанская область;И.о. Федосова Лариса Александровна;Восточно-Казахстанская область, г.Шемонаиха, ул.Астафьева 55 Б;8-7233-23-24-13;160209@sud.kz;
Специализированный административный суд г. Риддер;Специализированный административный суд;Восточно-Казахстанская область;Жунусова Жанат Ниеткабыловна;Восточно-Казахстанская область, г.Риддер, ул.Тохтарова 15;8-7233-64-44-42;160212@sud.kz;
Специализированный межрайонный административный суд г. Семей;Специализированный административный суд;Восточно-Казахстанская область;Мукашева Назгуль Кенжешовна;Восточно-Казахстанская область, г.Семей, ул. Мангилик Ел, 26;-;-;
Специализированный межрайонный административный суд г. Усть-Каменогорск;Специализированный административный суд;Восточно-Казахстанская область;Амерханов Ернар Аскарбекович;Восточно-Казахстанская область, г.Усть-Каменогорск, пр. Шакарима, 60;-;-;
Специализированный суд по административным правонарушениям г. Семей;Специализированный административный суд;Восточно-Казахстанская область;Шыныбаев Ескендир Кайрбекович;Восточно-Казахстанская область, г.Семей, ул. Жанасемейская 31 А;8-7222-77-02-39;160208@sud.kz;
Специализированный суд по административным правонарушениям г. Усть-Каменогорск;Специализированный административный суд;Восточно-Казахстанская область;Ибраев Сайран Муфлинович;Восточно-Казахстанская область, г.Усть-Каменогорск, ул.Мызы 39;8-7232-24-14-74;160205@sud.kz;
Специализированный межрайонный экономический суд ВКО;Специализированный экономический суд;Восточно-Казахстанская область;Касимов Толенди Тлеужанович;Восточно-Казахстанская область, г.Усть-Каменогорск, ул.Ворошилова, 60;8-7232-22-40-02;160202@sud.kz;
Специализированный межрайонный суд по уголовным делам ВКО;Суд по уголовным делам;Восточно-Казахстанская область;Касенов Бердыгали Адилханович;Восточно-Казахстанская область, г.Усть-Каменогорск, ул. К.Кайсенова 55 А;8-7232-25-16-63 8-7232-25-18-91 8-7232-25-18-82;160236@sud.kz;
Специализированный следственный суд города Усть-Каменогорска Восточно-Казахстанской области;Следственный суд;Восточно-Казахстанская область;Сарсенбаев Санат Слямжанович;Восточно-Казахстанская область, г. Усть-Каменогорск, ул. К.Кайсенова 55;8-7232-56-05-31;723-5860@sud.kz;
Специализированный межрайонный суд по делам несовершеннолетних №1;Суд по делам несовершеннолетних;Восточно-Казахстанская область;Жумагулова Анна Николаевна;Восточно-Казахстанская область, г.Усть-Каменогорск, ул.Бажова 2;8-7232-22-55-53;160237@sud.kz;
Специализированный межрайонный суд по делам несовершеннолетних №2;Суд по делам несовершеннолетних;Восточно-Казахстанская область;Байжуманова Раушангуль Закиевна;Восточно-Казахстанская область, г.Семей, ул.Ленина 26 а;8-7222-52-39-03;160238@sud.kz;
Военный суд Семейского гарнизона;Военный суд;Восточно-Казахстанская область;Секенов Айдар Секенович;г.Семей, ул. Козбагарова, 38;8-7222-56-74-26;160240@sud.kz;
Администратор судов по Восточно-Казахстанской области;Администратор судов (Судебная администрация);Восточно-Казахстанская область;Муталяпов Оян Ескаринович;Восточно-Казахстанская область, г.Усть-Каменогорск, ул. Ю. Увалиева 5;8-7232-56-05-10;1601@sud.kz;
Жамбылский областной суд;Областной суд;Жамбылская область;Ахметжанов Ербол Улатаевич;"Жамбыская область, г.Тараз, проспект Абая, 143 ""а""";8-7262-99-90-03;726-0001@sud.kz;
Суд №2 города Тараз;Городской суд;Жамбылская область;Жамашов Низамиддин Казыбаевич;Жамбылская область, г.Тараз, ул. Ленина, 25А;8-7262-43-50-86;726-1401@sud.kz;
Таразский городской суд;Городской суд;Жамбылская область;Мадемаров Алтынбек Асипбекович;Жамбылская область, г. Тараз, ул. К.Турысов 7;8-7262-34-75-58;726-1201@sud.kz;
Байзакский районный суд;Районный суд;Жамбылская область;Тилеубеков Ергазы Утенович;Жамбылская область, Байзакский район, с. Сарыкемер, ул. Байзак батыра, 93;8-7263-72-19-75;726-2901@sud.kz;
Жамбылский районный суд;Районный суд;Жамбылская область;Толенбеков Досжан Канатбекович;Жамбылская область, Жамбылский район, с.Аса, ул. Абая, 169;8-7263-32-25-84;726-3101@sud.kz;
Жуалынский районный суд;Районный суд;Жамбылская область;Мулькибаев Бахытжан Илиясович;Жамбылская область, Жуалынский район, с.Б.Момышулы, ул. Жибек жолы 5А;8-7263-55-06-57;726-3401@sud.kz;
Кордайский районный суд;Районный суд;Жамбылская область;Тургунбаев Сакен Ынтыкбаевич;Жамбылская область, Кордайский район, с.Кордай, ул. Толе би, 51;8-7263-62-11-51;726-3301@sud.kz;
Меркенский районный суд;Районный суд;Жамбылская область;Тасыбаев Даулет Еркебекович;Жамбылская область, Меркенский район, с.Сарымолдаева, ул. Лермонтова, 106;8-7263-24-07-17;726-2801@sud.kz;
Мойынкуский районный суд;Районный суд;Жамбылская область;Абуев Бабырхан Бекболатулы;Жамбылская область, Мойынкумский район, ул. Амангельды, 54;8-7263-22-43-60;726-2701@sud.kz;
Сарысуский районный суд;Районный суд;Жамбылская область;Уркимбаев Марат Бахтиярович;Жамбылская область, Сарысуский район, г.Жанатас, ул. Аулие ата, 22А;8-7263-46-22-67;726-2660@sud.kz;
Суд района Турара Рыскулова;Районный суд;Жамбылская область;Замбаев Айдарбек Агабаевич;Жамбылская область, Т.Рыскуловский район, с.Кулан, ул. Жибек жолы, 63;8-7263-12-11-53;726-3001@sud.kz;
Таласский районный суд;Районный суд;Жамбылская область;Алимкулова Гульмира Аскаровна;Жамбылская область, Таласский район, г.Каратау, ул. Санырак батыра, 14;8-7264-46-20-18;726-3501@sud.kz;
Шуский районный суд;Районный суд;Жамбылская область;Жаманкулов Ернар Борангазиевич;Жамбылская область,г.Шу, ул. Конаева, 14А;8-7264-32-12-62;726-3201@sud.kz;
Специализированный межрайонный административный суд г. Тараз;Специализированный административный суд;Жамбылская область;Джасузаков Аманжан;Жамбылская область, г.Тараз, ул. Акбозова 27 А;-;-;
Специализированный суд по административным правонарушениям г.Тараз;Специализированный административный суд;Жамбылская область;Оразымбетов Берик Пердеханович;Жамбылская область, г.Тараз, ул. Акбозова 27;8-7262-43-53-43;726-1801@sud.kz;
Специализированный межрайонный экономический суд Жамбылской области;Специализированный экономический суд;Жамбылская область;Таусаров Самат Ибрагимович;Жамбылская область, г.Тараз, ул. Акбозова 27;8-7262-43-46-88;726-2411@sud.kz;
Специализированный межрайонный уголовный суд Жамбылской области;Суд по уголовным делам;Жамбылская область;Байдаулетова Жанна Есболовна;"Жамбылская область, г.Тараз, проспект Абая, 143 ""а""";8-7262-99-91-22;726-2001@sud.kz;
Специализированный следственный суд города Тараза Жамбылской области;Следственный суд;Жамбылская область;Джумабеков Джамбул Маманханович;"Жамбыская область, г.Тараз, проспект Абая, 143 ""а""";8-7262-99-91-95;080258@sud.kz;
Специализированный межрайонный суд по делам несовершеннолетних Жамбылской области;Суд по делам несовершеннолетних;Жамбылская область;Дуйсенбаев Ербол Мизанович;Жамбылская область, г.Тараз, ул. Толе би 30;8-7262-45-65-15;726-2201@sud.kz;
Администратор судов по Жамбылской области;Администратор судов (Судебная администрация);Жамбылская область;Култасов Берик Сайлауович;Жамбылская область, г.Тараз ул. Абая, 143а;8-7262-99-90-06;726-0007@sud.kz;
Западно-Казахстанский областной суд;Областной суд;Западно-Казахстанская область;Мырзакәрім Рустем Мырзакәрімұлы;Западно-Казахстанкая область, г. Уральск, пр.Достык-Дружбы, дом 204;8-7112-55-47-78;0701@sud.kz;
Районный суд №2 Акжаикского района;Городской суд;Западно-Казахстанская область;Гумарова Тамара Салимжановна;Западно-Казахстанкая область, Акжаикский район, с.Тайпак ул.Х.Чурина 7;8-7114-22-15-18;070215@sud.kz;
Районный суд №2 Казталовского района;Городской суд;Западно-Казахстанская область;Бижанов Айвар Серикович;Западно-Казахстанкая область, Казталовский район, п.Жалпактал, ул.Мендалиева, 20;8-7113-82-15-73;711-3160@sud.kz;
Районный суд №2 Теректинского района;Городской суд;Западно-Казахстанская область;Ниязгалиев Ибрагим Кабулович;Западно-Казахстанкая область, Теректинский район, п.Акжаик, ул.Насимуллина, д.16;8-7114-39-16-26;070213@sud.kz;
Суд №2 г. Уральска;Городской суд;Западно-Казахстанская область;Бурамбаев Азамат Жумаевич;Западно-Казахстанкая область, г. Уральск, 5 мкр., строение 12;8-7112-50-07-47;070204@sud.kz;
Суд №2 района Бәйтерек;Городской суд;Западно-Казахстанская область;Жангирова Бахитгуль Шабаевна;Западно-Казахстанкая область, Зеленовский район, п. Дарьинск, ул. Абылайхана, д.27;8-7113-12-41-81 8-7113-12-41-82;070208@sud.kz;
Уральский городской суд;Городской суд;Западно-Казахстанская область;Жумагулов Руслан Нартаевич;Западно-Казахстанкая область, г. Уральск, ул. Карева, 51;8-7112-50-70-83;070203@sud.kz;
Акжаикский районный суд;Районный суд;Западно-Казахстанская область;Нургалиев Алибек Муратович;Западно-Казахстанкая область, Акжаикский район п.Чапаево ул. Мендалиева, 29;8-7113-69-12-67;070214@sud.kz;
Бокейординский районный суд;Районный суд;Западно-Казахстанская область;Сагитова Гулжихан Темирболатовна;Западно-Казахстанкая область, Бокейординский район, c.Сайхин, ул.Утемисова, д.2;8-71140-21-4-30;070220@sud.kz;
Бурлинский районный суд;Районный суд;Западно-Казахстанская область;Кулмуханов Гамал Марсельевич;Западно-Казахстанкая область, г. Аксай, ул. Советская, 72;8-7113-32-06-80;070206@sud.kz;
Жангалинский районный суд;Районный суд;Западно-Казахстанская область;Есжанов Сабыржан Рысбекович;Западно-Казахстанкая область, Жангалинского район, п.Жангала ул.Халыхтар Достыгы, 55;8-7114-12-18-15;070209@sud.kz;
Жанибекский районный суд;Районный суд;Западно-Казахстанская область;Жамантаева Асель Жумагуловна;Жанибекский район, п.Жанибек, ул.Ихсанова, дом 4;8-7113-52-16-01;711-3860@sud.kz;
Казталовский районный суд;Районный суд;Западно-Казахстанская область;Хайрбеков Райбек Сериккалиевич;Западно-Казахстанкая область, Казталовский район п.Казталовка, ул.Желтоксан, дом 29;8-7114-43-14-39;070210@sud.kz;
Каратобинский районный суд;Районный суд;Западно-Казахстанская область;Шукиров Мереке Утепкалиевич;Западно-Казахстанкая область, Каратобинский район, п.Каратоба ул. Курмангалиева, 24;8-71145-31-1-41;070221@sud.kz;
Суд района Бәйтерек;Районный суд;Западно-Казахстанская область;Сариева Роза Есболсыновна;Западно-Казахстанкая область, Зеленовский район п. Переметное, ул.Жеңіс 38;8-71130-22-890;070207@sud.kz;
Сырымский районный суд;Районный суд;Западно-Казахстанская область;Баймуханова Ботакоз Елеуовна;Западно-Казахстанкая область, Сырымский район п.Жымпиты ул.Есенжанова 17;8-7113-42-15-42;070219@sud.kz;
Таскалинский районный суд;Районный суд;Западно-Казахстанская область;Дюсингалиев Асланбек Шарипович;Западно-Казахстанкая область, Таскалинский район, п.Таскала, ул.Жаксыгулова д.5;8-7113-92-18-12;070217@sud.kz;
Теректинский районный суд;Районный суд;Западно-Казахстанская область;Маликов Марат Маликович;Западно-Казахстанкая область, Теректинский район, п. Федоровка, ул. Юбилейная, 16;8-7113-22-13-73;070212@sud.kz;
Чингирлауский районный суд;Районный суд;Западно-Казахстанская область;Кадырбаев Миржан Сансызбаевич;Западно-Казахстанкая область, Чингирлауский район п. Чингирлау ул. Клышева 89;8-7113-73-31-41;070216@sud.kz;
Специализированный межрайонный административный суд г. Уральска;Специализированный административный суд;Западно-Казахстанская область;вакансия;Западно-Казахстанкая область, г.Уральск, ул. Карева, 53;-;-;
Специализированный суд по административным правонарушениям г. Уральска;Специализированный административный суд;Западно-Казахстанская область;Сисенгали Марат Куандыкулы;"Западно-Казахстанкая область, г. Уральск, 5 мкр., Строение-12 """;8-7112-51-25-84;070201@sud.kz;
Специализированный межрайонный экономический суд ЗКО;Специализированный экономический суд;Западно-Казахстанская область;Сматов Исатай Маратович;Западно-Казахстанкая область, г. Уральск, ул. Карева, 53;8-7112-51-50-84;711-2460@sud.kz;
Специализированный межрайонный суд по уголовным делам ЗКО;Суд по уголовным делам;Западно-Казахстанская область;И.о. Ермаханов Бакыт Аманбаевич;Западно-Казахстанкая область, г. Уральск ул. Сейфуллина 37;8-7112-51-93-23;070222@sud.kz;
Специализированный следственный суд города Уральска Западно-Казахстанской области;Следственный суд;Западно-Казахстанская область;Губашев Нурлан Ерболатович;Западно-Казахстанкая область,г. Уральск, ул. Карева, 53;8-7112-50-44-06;070258@sud.kz;
Специализированный межрайонный суд по делам несовершеннолетних ЗКО;Суд по делам несовершеннолетних;Западно-Казахстанская область;Кадралиева Слуканым Талаповна;Западно-Казахстанкая область, г. Уральск ул. Сейфуллина 37;8-7112-51-02-58;711-2260@sud.kz;
Администратор судов по Западно-Казахстанской области;Администратор судов (Судебная администрация);Западно-Казахстанская область;Кажганов Нурлан Еркинович;Западно-Казахстанкая область, г. Уральск, пр.Достык-Дружбы, дом 204;8-7112-55-47-37;0701@sud.kz;
Карагандинский областной суд;Областной суд;Карагандинская область;Шарипов Нурсерик Каримович;Карагандинская область, г. Караганда, ул.Байкена Ашимова, 16;8-7212-55-94-01;0901@sud.kz;
Балхашский городской суд;Городской суд;Карагандинская область;Сыздыков Нурлыбек Умурбекович;Карагандинская область, г. Балхаш ул. Ленина 44;8-7103-65-60-55;090217@sud.kz;
Жезказганский городской суд;Городской суд;Карагандинская область;Шортанбаев Жанболат Бектурсынович;Карагандинская область, г. Жезказган ул. Гагарина 42;8-7102-76-78-78;090228@sud.kz;
Казыбекбийский районный суд г.Караганды;Городской суд;Карагандинская область;Абдиров Шахатбек Мажитович;Карагандинская область, г.Караганды, ул.Крылова 9;8-7212-41-61-74;090230@sud.kz;
Каражалский городской суд;Городской суд;Карагандинская область;Бейсенов Дархан Кенжегулулы;Карагандинская область, г. Каражал. Ул. Профсоюзная 1;8-7103-22-68-69;090234@sud.kz;
Октябрьский районный суд г. Караганды;Городской суд;Карагандинская область;Марданова Алия Тулеугажиевна;Карагандинская область, г. Караганды ул.Магитогорская 48;8-7212-46-01-12;090203@sud.kz;
Приозерский городской суд;Городской суд;Карагандинская область;Адепбеков Багдат Ахметович;Карагандинская область, г. Приозерск ул.Приморская 8;8-7103-95-40-92;090235@sud.kz;
Районный суд №2 Абайского района;Городской суд;Карагандинская область;Оспанов Ерлан Советович;Карагандинская область, пос. Топар п.Больничный 3;8-7215-33-26-96;090209@sud.kz;
Районный суд №2 Бухар-Жырауского района;Городской суд;Карагандинская область;Омаров Орал Нургалиевич;Карагандинская область, пос. Токаревка ул.Мира 21;8-7213-83-10-08;090211@sud.kz;
Районный суд №2 Казыбекбийского района г. Караганды;Городской суд;Карагандинская область;Кабылбеков Бейбитжан Танирбердиевич;Карагандинская область, г. Караганды, ул.Ерубаева 30;8-7212-42-59-73;090231@sud.kz;
Районный суд №2 Каркаралинского района;Городской суд;Карагандинская область;Жаманкулова Шынар Тлеугабыловна;Карагандинская область, пос. Егиндыбулак ул. Таттимбета 17;8-7214-79-14-46;090216@sud.kz;
Районный суд №2 Октябрьского района г. Караганды;Городской суд;Карагандинская область;Ныгметов Талгат Алиханович;Карагандинская область, г. Караганды, ул. Дружбы 127а;8-7212-47-03-32;090204@sud.kz;
Районный суд №2 Осакаровского района;Городской суд;Карагандинская область;Байгаскин Каирбек Кенжетаевич;Карагандинская область, пос. Молодежный ул. Ленина 34;8-7214-82-14-43;090213@sud.kz;
Районный суд №2 Шетского района;Городской суд;Карагандинская область;Сакенов Серик Тулегенович;Карагандинская область, пос. Агадыр. Ул. Тауелсиз Казахстан 6;8-7103-32-74-87;090221@sud.kz;
Районный суд №3 Октябрьского района г. Караганды;Городской суд;Карагандинская область;Шегенов Ерлан Морякович;Карагандинская область, г. Караганды 22-мкрн д.17/1;8-7212-53-21-10;090205@sud.kz;
Саранский городской суд;Городской суд;Карагандинская область;Экзеков Талгат Турсунович;Карагандинская область, г.Сарань ул. Шахтеррская 44а;8-7213-74-25-57;090232@sud.kz;
Сатпаевский городской суд;Городской суд;Карагандинская область;Сексенов Ерлан Серикович;Карагандинская область, г. Сатпаев ул.Абая 60;8-7106-33-34-06;090233@sud.kz;
Темиртауский городской суд;Городской суд;Карагандинская область;Амрашев Талгат Балташевич;Карагандинская область, г. Темиртау пр. Республики 36;8-7213-92-04-01;090226@sud.kz;
Шахтинский городской суд;Городской суд;Карагандинская область;Мырзахметова Жанна Мажитовна;Карагандинская область, г. Шахтинск ул.40 лет Победы, д.48в;8-7215-64-23-44;721-2660@sud.kz;
Абайский районный суд;Районный суд;Карагандинская область;Исабеков Естай Актаевич;Карагандинская область, г. Абай ул. К.Маркса 34;8-7213-14-36-06;090208@sud.kz;
Актогайский районный суд;Районный суд;Карагандинская область;Касымбеков Мейрхан Зейникенович;Карагандинская область, пос. Актогай ул. Бокейхана 1;8-7103-72-11-30;090224@sud.kz;
Бухар-Жырауский районный суд;Районный суд;Карагандинская область;Жумабеков Серик Маратович;Карагандинская область, пос. Ботакара ул.Маяковского 32;8-7215-42-12-81;090210@sud.kz;
Жанааркинский районный суд;Районный суд;Карагандинская область;Кенжин Жакен Еденович;Карагандинская область, пос. Атасу ул. Сейфуллина 16;8-7103-02-74-95;090219@sud.kz;
Каркаралинский районный суд;Районный суд;Карагандинская область;Шайкамалов Канат Джандарбекович;Карагандинская область, г. Каракаралинск ул. Н. Абдирова 17;8-7214-63-17-00;090215@sud.kz;
Нуринский районный суд;Районный суд;Карагандинская область;Жумабеков Серик Маратович;Карагандинская область, пос. Нура ул.Талжанова 8;8-7214-42-14-57;090214@sud.kz;
Осакаровский районный суд;Районный суд;Карагандинская область;Абылханов Нур Тулегенович;Карагандинская область, пос. Осакаровка ул. Литвинская 71;8-7214-94-22-08;090212@sud.kz;
Улытауский районный суд;Районный суд;Карагандинская область;Базылова Гулсим Зеймолдаевна;Карагандинская область, с. Улытау ул. Булкышева 13;8-7103-52-12-85;090222@sud.kz;
Шетский районный суд;Районный суд;Карагандинская область;Абдыкамалов Амантай Жумадильдаулы;Карагандинская область, пос. Аксу-Аюлы ул.Шортанбая 161;8-7103-12-23-66;090220@sud.kz;
Специализированный межрайонный экономический суд Карагандинской области;Специализированный экономический суд;Карагандинская область;Токбулатов Талгат Ибрагимович;Карагандинская область, г. Караганды ул. Алалыкина 9;8-7212-42-52-89;721-2460@sud.kz;
Специализированный межрайонный суд по уголовным делам Карагандинской области;Суд по уголовным делам;Карагандинская область;Сисимбаев Шарип Каписович;Карагандинская область, г. Караганды ул. Крылова 9;8-7212-41-44-79;090236@sud.kz;
Специализированный следственный суд города Караганды Карагандинской области;Следственный суд;Карагандинская область;Жолкенов Шамшильдин Жолкенович;Карагандинская область, г. Караганда ул. Кривогуза 7;8-7212-25-00-58;090258@sud.kz;
Специализированный межрайонный суд по делам несовершеннолетних Карагандинской области;Суд по делам несовершеннолетних;Карагандинская область;Мутубаева Динара Маратовна;Карагандинская область, г. Караганды ул. Алалыкина, 9;8-7212-43-52-63;90237@sud.kz;
Специализированный межрайонный суд №2 по делам несовершеннолетних Карагандинской области;Суд по делам несовершеннолетних;Карагандинская область;Шакипов Талгат Магазович;Карагандинская область, г. Жезказган ул. Тарадай 4;8-7102-77-30-84;090226@sud.kz;
Специализированный межрайонный админситративный суд г. Балхаш;Специализированный суд;Карагандинская область;Сагимбекова Лязат Абзалбековна;Карагандинская область, г. Балхаш ул. Ленина 44;8-7103-64-03-36;090218@sud.kz;
Специализированный межрайонный админситративный суд г. Темиртау;Специализированный суд;Карагандинская область;Сыздыков Ерлан Ергалиевич;Карагандинская область, г. Темиртау пр. Республики 36;8-7213-90-95-53;090207@sud.kz;
Специализированный межрайонный админситративный суд г. Шахтинск;Специализированный суд;Карагандинская область;Каримбаев Джамбул Жанатович;Карагандинская область, г. Шахтинск ул.40 лет Победы, д.48в;8-7215-65-12-86;090207@sud.kz;
Специализированный межрайонный админстративный суд Карагандинской области;Специализированный суд;Карагандинская область;Макажанов Канат Маратович;Карагандинская область, г. Караганды, ул. Ерубаева, 30;-;-;
Специализированный межрайонный админстративный суд №2 Карагандинской области;Специализированный суд;Карагандинская область;Кишенов Жастилек Омирович;Карагандинская область, г. Жезказган ул. Тарадая, 4;-;-;
Специализированный межрайонный суд по админстративным правонарушениям г. Караганды;Специализированный суд;Карагандинская область;Ан Алексей Николаевич;Карагандинская область, г. Караганды, ул. Жамбула 9;8-7212-42-01-51;090201@sud.kz;
Администратор судов по Карагандинской области;Администратор судов (Судебная администрация);Карагандинская область;Исин Максат Муратович;Карагандинская область, г. Караганда, пр. Бухар Жырау 37;8-7212-55-94-01;0903@sud.kz;
Костанайский областной суд;Областной суд;Костанайская область;Смолин Анатолий Сергеевич;Костанайская область г.Костанай, ул. Гагарина, (район Назарбаев Интеллектуальной школы);8-7142-99-08-33;1001@sud.kz;
Аркалыкский городской суд;Городской суд;Костанайская область;И.о. Абишева Ляззат Жубаткановна;Костанайская область г.Аркалык, ул.Байтурсынова 14;8-7143-07-16-42;100210@sud.kz;
Костанайский городской суд;Городской суд;Костанайская область;Шакаров Канат Калиаскарович;Костанайская область г.Костанай ул.Победы 72;8-7142-57-47-99;100203@sud.kz;
Лисаковский городской суд;Городской суд;Костанайская область;Мирзалиев Женисбек Саветбекович;Костанайская область, г.Лисаковск ул.Верхнетобольская 20;8-7143-33-22-62;100210@sud.kz;
Районный суд №2 Карасуского района;Городской суд;Костанайская область;Кубеев Болат Султанмуратович;Костанайская область, Карасуский район, с.Октябрьское ул. Ватутина 1;8-7144-89-14-83;100209@sud.kz;
Рудненский городской суд;Городской суд;Костанайская область;Сальмухаметов Арстанбай Желкабаевич;Костанайская область г.Рудный ул.Володарского 190;8-7143-13-99-29;100205@sud.kz;
Суд №2 города Костанай;Городской суд;Костанайская область;Кабыш Жасулан Ермекулы;Костанайская область г.Костанай ул.Тәуелсіздік 84;8-7142-547-202;100204@sud.kz;
Алтынсаринский районный суд;Районный суд;Костанайская область;Бурктубаев Арман Маратович;Костанайская область, Алтынсаринский район, село Убаганское, ул. Мира 3;8-7144-53-41-24;100219@sud.kz;
Амангельдинский районный суд;Районный суд;Костанайская область;И.о. Назаркулова Алтынгул Бахытовна;Костанайская область Амангельдинский район, село Амангельды ул. Маметова 7;8-7144-02-17-77;100220@sud.kz;
Аулиекольский районный суд;Районный суд;Костанайская область;Ахметова Асель Батырбековна;Костанайская область Аулиекольский район село Аулиеколь ул. Ленина 36;8-7145-32-11-30;100212@sud.kz;
Денисовский районный суд;Районный суд;Костанайская область;Муканов Нурбол Ерланович;Костанайская область Денисовский район, село Денисовка ул. Ленина 18;8-7143-42-12-31;100226@sud.kz;
Жангельдинский районный суд;Районный суд;Костанайская область;Кожаков Абылай Мантаевич;Костанайская область Жангильдинский район, село Торгай ул. К.Алтынсары 71;8-7143-92-16-30;100216@sud.kz;
Житикаринский районный районный суд;Районный суд;Костанайская область;Исмухамбетов Бакытбай Абсагитович;Костанайская область, г.Житикара, микрорайон 5В, дом 18А;8-7143-52-32-14;100211@sud.kz;
Камыстинский районный суд;Районный суд;Костанайская область;Бурбаева Наталья Александровна;Костанайская область, Камыстинский район, село Камысты ул. Космы 11;8-7143-73-00-80;100214@sud.kz;
Карабалыкский районный суд;Районный суд;Костанайская область;Темирханов Кайрат Сатыболдыулы;Костанайская область, Карабалыкский район, п.Карабалык ул.Ленина 22;8-7144-13-37-52;100213@sud.kz;
Карасуский районный суд;Районный суд;Костанайская область;И,о. Суеналин Марат Болатович;Костанайская область Карасуский район, с. Карасу, ул.Исакова, 67;8-7145-22-13-43;100208@sud.kz;
Костанайский районный суд;Районный суд;Костанайская область;И.о. Дунаева Наталья Владимировна;Костанайская область Костанайский район, п.Затобольск ул.Калинина 53А;8-7145-52-19-73;100225@sud.kz;
Мендыкаринский районный суд;Районный суд;Костанайская область;Бекишев Нурлан Кабиевич;Костанайская область Мендыкаринский район, с.Боровское ул. Байназарова 92;8-7144-32-24-36;100222@sud.kz;
Наурзумский районный суд;Районный суд;Костанайская область;Амиров Серик Мырзагалиевич;Костанайская область Наурзумский район, с.Караменды ул. Абылайхана 17;8- 7145-42-15-38;100217@sud.kz;
Сарыкольский районный суд;Районный суд;Костанайская область;Накипова Шолпан Куанышбаевна;Костанайская область, Сарыкольский район, с.Сарыколь ул.Комсомольская 99;8-7145-12-42-30;100224@sud.kz;
Узункольский районный суд;Районный суд;Костанайская область;Кисикова Жанна Булатовна;Костанайская область, Узункольский район, с.Узунколь ул. Г.Мусрепова 27;8-7144-42-16-06;100208@sud.kz;
Федоровский районный суд;Районный суд;Костанайская область;Берликешева Нургуль Мураловна;Костанайская область, Федоровский район, с.Федоровка ул. Ленина 12;8-7144-22-12-55;100215@sud.kz;
суд района Беймбета Майлина;Районный суд;Костанайская область;Тажкенов Сабыр Жунусканович;Костанайская область, район Беимбета Майлина, с.Айет ул.Тобольская 36;8-7143-63-67-30;100221@sud.kz;
Cпециализированный межрайонный административный суд города Костанай;Межрайонный суд;Костанайская область;Дезиев Ибрагим Муцалхаевич;Костанайская область г.Костанай ул.Пушкина, 100/1;-;-;
Специализированный межрайонный экономический суд Костанайской области;Специализированный экономический суд;Костанайская область;Жуматаев Ерканат Ераманович;Костанайская область г.Костанай ул.Байтурсынова 70;8-7142-54-47-15;100202@sud.kz;
Специализированный межрайонный суд по уголовным делам Костанайской области;Суд по уголовным делам;Костанайская область;Метаев Жолдыбай Сандыбаевич;Костанайская область г.Костанай ул.Зеленая 23;8-7142-27-33-25;100228@sud.kz;
Специализированный следственный суд города Костаная Костанайской области;Следственный суд;Костанайская область;Раисов Абай Абдыгалиевич;г.Костанай ул.Пушкина 100/1;8-7142-99-08-33;714-5860@sud.kz;
Специализированный межрайонный суд по делам несовершеннолетних Костанайской области;Суд по делам несовершеннолетних;Костанайская область;Шармухаметова Карлыгаш Салимжановна;Костанайская область г.Костанай ул.Тәуелсіздіқ, 72;8-7142-547-202;100229@sud.kz;
Cпециализированный суд по административным правонарушениям города Костанай;Администратор судов (Судебная администрация);Костанайская область;И.о. Лымарь Елана Владиировна;Костанайская область г.Костанай ул.Зеленая 23;8-7142-27-32-77;100201@sud.kz;
Cпециализированный суд по административным правонарушениям города Рудный;Администратор судов (Судебная администрация);Костанайская область;Сұлтан Естай;Костанайская область г.Рудный ул.Володарского 190;8-7143-13-99-39;100206@sud.kz;
Администратор судов по Костанайской области;Администратор судов (Судебная администрация);Костанайская область;Леонов Сергей Владимирович;Костанайская область г.Костанай, ул. Гагарина, (район Назарбаев Интеллектуальной школы);8-7142-99-00-77;714-0007@sud.kz;
Кызылординский областной суд;Областной суд;Кызылординская область;Нурышев Камбар Жумабаевич;Кызылординская область, г.Кызылорда, ул.Айтеке би, 29;8-7242-55-12-01;724-0009@sud.kz;
Байконырский городской суд;Городской суд;Кызылординская область;Жусупов Телжан Куанышбекович;Кызылординская область, г.Байконыр, ул. Максимова, 17 А;8-3362-27-38-55;110207@sud.kz;
Кызылординский городской суд;Городской суд;Кызылординская область;Еркинбеков Мухтар Жусупбекович;Кызылординская область, г.Кызылорда, ул.Айтеке би 29;8-7242-55-97-84;110203@sud.kz;
Суд №2 города Кызылорда;Городской суд;Кызылординская область;Абу Айбек Кенесович;Кызылординская область, г.Кызылорда, ул.Айтеке би 29;8-7242-55-98-71;110204@sud.kz;
Аральский районный суд;Районный суд;Кызылординская область;Турбаев Ермек Боранбаевич;Кызылординская область, Аральский район, г.Аральск , ул Т.Есетова, 6;8-7243-32-18-84;110205@sud.kz;
Жалагашский районный суд;Районный суд;Кызылординская область;Мизанбаев Асылхан Абитханович;"Кызылординская область, Жалагашский район, ул.Абая №39;";8-7243-13-10-72;110209@sud.kz;
Жанакорганский районный суд;Районный суд;Кызылординская область;Косанов Нурлыбек Оразбаевич;Кызылординская область, Жанакорганский район, ул.Амангельды, 107/2;8-7243-52-23-00;110212@sud.kz;
Казалинский районный суд;Районный суд;Кызылординская область;Муратбекулы Дидар;Кызылординская область, Казалинский район, пос.Айтеке би, ул.Жанкожа батыр, 185;8-7243-82-78-01;110206@sud.kz;
Кармакшинский районный суд;Районный суд;Кызылординская область;Кентбаев Дархан Несипбаевич;"Кызылординская область, Кармакшинский район, пос.Жосалы, ул Абая, 94 ""Б""";8-7243-72-29-95;110208@sud.kz;
Сырдарьинский районный суд;Районный суд;Кызылординская область;Алдамбергенов Руслан Темирханулы;Кызылординская область, Сырдарьинский район, пос. Теренузяк , ул Абая Кунанбаева, 24;8-7243-62-11-71;110210@sud.kz;
Шиелийский районный суд;Районный суд;Кызылординская область;Куздебаев Марат Орманбекулы;"Кызылординская область, Шиелийский район, ул.Т.Рыскулова, 11""А""";8-7243-24-28-76;110211@sud.kz;
Специализированный межрайонный административный суд города Кызылорда;Специализированный административный суд;Кызылординская область;Мырзатаева Гульжан Жалгасбаевна;Кызылординская область, г.Кызылорда, ул.Айтеке Би 29;-;-;
Специализированный суд по административным правонарушениям города Кызылорда;Специализированный административный суд;Кызылординская область;Ибрашев Мейрамбек Шамауович;Кызылординская область, г.Кызылорда, ул.Айтеке Би 29;8-7242-55-97-52;110201@sud.kz;
Специализированный межрайонный экономический суд Кызылординской области;Специализированный экономический суд;Кызылординская область;Елишбеков Бахытбек Есенгельдыулы;Кызылординская область, г.Кызылорда, ул.Айтеке би, 29;8-7242-55-98-49;110202@sud.kz;
Специализированный межрайонный суд по уголовным делам Кызылординской области;Суд по уголовным делам;Кызылординская область;Сабыров Асхат Аббасович;Кызылординская область, г.Кызылорда, ул.Айтеке би 29;8-7242-55-97-68;110213@sud.kz;
Специализированный следственный суд города Кызылорды Кызылординской области;Следственный суд;Кызылординская область;Турганбаев Марат Айтбаевич;Кызылординская область, г.Кызылорда, ул.Айтеке би 29;8-7242-55-97-74;110258@sud.kz;
Специализированный межрайонный суд по делам несовершеннолетних Кызылординской области;Суд по делам несовершеннолетних;Кызылординская область;Абдуллаев Канатбек Амангелдиевич;Кызылординская область, г.Кызылорда пос.Тасбогет, ул.Шукурова, 9;8-7242-21-60-10;110214@sud.kz;
Администратор судов по Кызылординской области;Администратор судов (Судебная администрация);Кызылординская область;Сулеймен Сагатбек Болатбекулы;"Кызылординская область, г.Кызылорда ул.Айтеке Би 29;";8-7242-55-12-02;724-0400@sud.kz;
Мангистауский областной суд;Областной суд;Мангистауская область;И.о. Карабаев Ержан Усерханулы;"Мангистауская область, г.Актау, 8 мкр, 39""В""";8-7292-70-14-04;1201@sud.kz;
Актауский городской суд;Городской суд;Мангистауская область;Шайдуллин Бауыржан Жауымбайулы;Мангистауская область, г.Актау,24 мкр., здание 1;8-7292-44-02-85;120201@sud.kz;
Жанаозенский городской суд;Городской суд;Мангистауская область;Токбаев Бауыржан Калмуханович;Мангистауская область, г.Жанаозен, мкр.Шанырак, ул.Строительная,1;8-7293-47-18-60;120205@sud.kz;
Суд № 2 города Актау;Городской суд;Мангистауская область;Бейсенов Рахымжан Сейшович;Мангистауская область, г.Актау, 3 мкр., здание 101:;8-7292-70-14-58;120202@sud.kz;
Бейнеуский районный суд;Районный суд;Мангистауская область;Орахов Габиден Алуадинович;Мангистауская область, Бейнеуский район, село Бейнеу, проспект Независимости,14:;8-72932-29-77-52;120211@sud.kz;
Каракиянский районный суд;Районный суд;Мангистауская область;Бердиков Сериккали Каникешович;Мангистауская область, Каракиянский район, пос.Курык, ул.Досан Батыра,4;8-7293-72-11-00;120207@sud.kz;
Мангистауский районный суд;Районный суд;Мангистауская область;И.о. Алдабергенов Марат Сейсенбаевич;Мангистауская область, Мангистауский район, пос.Шетпе, ул.Цетральная, участок 35;8-7293-12-20-16;120208@sud.kz;
Мунайлинский районный суд;Районный суд;Мангистауская область;Наурзбаев Серик Туяханович;Мангистауская область, Мунайлинский район, ст.Мангистау, ул.Әбіш Кожа, зд.Общественных организации, 2 этаж;8-7292-75-03-13;120210@sud.kz;
Тупкараганский районный суд;Районный суд;Мангистауская область;Бегенов Едиге Берекетович;Мангистауская область, Тупкаранский район, г.Форт-Шевченко, ул.Абдыкалыкова;8-7293-82-22-77;120209@sud.kz;
Специализированный административный суд города Актау;Специализированный административный суд;Мангистауская область;Бозшагулов Каржау Казтурганович;"Мангистауская область, г.Актау, 8 мкр, 39""В""";8-7292-70-14-77;120204@sud.kz;
Специализированный административный суд города Жанаозен;Специализированный административный суд;Мангистауская область;Джумабаев Серик Сабитович;"Мангистауская область, г.Жанаозен, мкр.Самал, дом 21""Б""";8-7293-41-1-79;120206@sud.kz;
Специализированный суд по административным правонарушениям города Актау;Специализированный административный суд;Мангистауская область;Бозшагулов Каржау Казтурганович;"Мангистауская область, г.Актау, 8 мкр, 39""В""";8-7292-70-14-77;120204@sud.kz;
Специализированный межрайонный экономический суд Мангистауской области;Специализированный экономический суд;Мангистауская область;Тленов Айдарбек Шапагатович;"Мангистауская область, г.Актау, 8 мкр, 39""В"";";8-7292-70-14-47;120203@sud.kz;
Специализированный межрайонный суд по уголовным делам Мангистауской области;Суд по уголовным делам;Мангистауская область;Досетов Иниятулла Раушабекович;Мангистауская область, г.Актау, 3 мкр., здание 101:;8-7292-70-14-52;120212@sud.kz;
Cпециализированный следственный суд города Актау Мангистауской области;Следственный суд;Мангистауская область;Елемесов Бауыржан Жаумитбаевич;"Мангистауская область, г.Актау 8 мкр, 39 ""В""";-;120258@sud.kz;
Специализированный межрайонный суд по делам несоверннолетних Мангистауской области;Специализированный суд;Мангистауская область;Шамгунова Лариса Тлемисовна;Мангистауская область, г.Актау, 3 мкр., здание 101:;8-7292-70-14-81;120213@sud.kz;
Администратов судов по Мангистауской области;Администратор судов (Судебная администрация);Мангистауская область;Калпаков Аманбек Шыршыгулович;"Мангистауская область, г.Актау, 8 мкр, 39""В""";8-7292-70-14-08;1201@sud.kz;
Павлодарский областной суд;Областной суд;Павлодарская область;Караманов Бахытжан Садвакасович;"Павлодарская область г.Павлодара ул.Площадь Победы.1;";8-7182-70-45-66;1401@sud.kz;
Аксуский городской суд;Городской суд;Павлодарская область;Дайкенов Марат Темирболатович;"Павлодарская область г.Аксу, ул.Строителей,12;";8-71837 5-04-87;140201@sud.kz;
Павлодарский городской суд;Городской суд;Павлодарская область;Жаманбаев Бакытберген Мейрханович;"Павлодарская область г.Павлодар, ул.Генерала Дюсенова, 80;";8-7282-66-08-34;140211@sud.kz;
Суд №2 города Павлодар;Городской суд;Павлодарская область;Каирбеков Нурлан Максутулы;Павлодарская область г. Павлодар, ул. Генерала Дюсенова, 11;8-7182-51-31-66;140212@sud.kz;
Экибастузский городской суд;Городской суд;Павлодарская область;Сәрсен Руслан Төлеубайұлы;Павлодарская область г. Экибастуз, ул.Кунаева ,42;8-7187-79-99-03;140214@sud.kz;
Актогайский районный суд;Районный суд;Павлодарская область;Кенишев Серик Болатказыевич;"Павлодарская область Актогайский район, село Актогай, ул Абая, 102;";8-7184-12-15-85;140203@sud.kz;
Баянаульский районный суд;Районный суд;Павлодарская область;Даньярова Сауле Хайрбековна;Павлодарская область Баянаульский район, село Баянаул, ул.Ауэзова,116;8-7184-09-13-45;140218@sud.kz;
Железинский районный суд;Районный суд;Павлодарская область;Сыздыков Абай Канатович;Павлодарская область Железинский район, село Железинка ул.Независимости 21;8-7183-12-22-24;140204@sud.kz;
Иртышский районный суд;Районный суд;Павлодарская область;Нуржанова Динара Кабдылманаповна;Павлодарская область Иртышский район, село Иртышск , ул Астаны, 153;8-71832-2-13-75;140205@sud.kz;
Качирский районный суд;Районный суд;Павлодарская область;И.о. Көдек Дәния Бикенқызы;"Павлодарская область Качирский район, село Теренколь, ул.Ибраева, 140;";8-71833-21-8-42;140206@sud.kz;
Лебяжинский районный суд;Районный суд;Павлодарская область;Каримов Каирбулат Канатович;Павлодарская область Лебяжинский район, село Акку, ул.Абылкаира Баймолдина, 21;8-7183-92-14-09;140207@sud.kz;
Майский районный суд;Районный суд;Павлодарская область;Калкен Ержан Ермекулы;"Павлодарская область Майский район, село Коктобе, ул.Сыздыкова,1;";8-7183-89-14-49;140208@sud.kz;
Павлодарский районный суд;Районный суд;Павлодарская область;И.о. Жангазина Галия Шаметовна;"Павлодарская область г.Павлодар, ул.Генерала Дюсенова, 80;";8-7182-60-62-92;140213@sud.kz;
Успенский районный суд;Районный суд;Павлодарская область;И.о. Ахмет Амантай;"Павлодарская область Успенский район, село Успенка, ул.10 лет Независимости,2;";8-7183-49-11-45;140216@sud.kz;
Щербактинский районный суд;Районный суд;Павлодарская область;И.о. Сәдуәқас Сәкен Жанабетұлы;Щербактинский район, село Щербакты, ул.Ленина,31;8-7183-62-28-33;140217@sud.kz;
Специализированный межрайонный административный суд города Павлодара;Специализированный административный суд;Павлодарская область;Бактияров Адлет Сайранович;"Павлодарская область г.Павлодар, ул.Генерала Дюсенова, 80;";-;-;
Специализированный межрайонный административный суд города Экибастуза;Специализированный административный суд;Павлодарская область;Нургалиев Талгат Каирбаевич;Павлодарская область г.Экибастуз, ул.Пшембаева, 31;-;-;
Специализированный суд по административный правонарушениям города Экибастуза;Специализированный административный суд;Павлодарская область;И.о. Курмангалиев Ринат Узакович;Павлодарская область г.Экибастуз, ул.Пшембаева, 31;8-7187-77-65-30;140215@sud.kz;
Специализированный суд по административным правонарушениям города Павлодара;Специализированный административный суд;Павлодарская область;Омаров Нуржан Алибекович;"Павлодарская область г.Павлодар, ул.Чокина, 148 а;";8-7182-31-01-31;140209@sud.kz;
Специализированный межрайонный экономический суд Павлодарской области;Специализированный экономический суд;Павлодарская область;И.о. Ерболатов Ернар Ерболатулы;Павлодарская область г.Павлодар, ул.Генерал Дюсенова,104;8-7182-32-42-06;140210@sud.kz;
Специализированный межрайонный суд по уголовным делам Павлодарской области;Суд по уголовным делам;Павлодарская область;Нуркиев Асхат Габдрауфович;"Павлодарская область г.Павлодар, ул.Генерала Дюсенова, 80;";8-7182-60-47-00;140219@sud.kz;
Специализированный следственный суд города Павлодара Павлодарской области;Следственный суд;Павлодарская область;Нургалиев Ардак Темешбаевич;Павлодарская область, г.Павлодар, ул. Генерала Дюсенова, 11;8-7182-51-31-60;140212@sud.kz;
Специализированный межрайонный суд по делам несовершеннолетних Павлодарской области;Суд по делам несовершеннолетних;Павлодарская область;Темирова Каламкас Абылдиновна;"Павлодарская область г.Павлодар, ул.Генерала Дюсенова, 80;";8-7182-62-26-51;140220@sud.kz;
Администратор судов по Павлодарской области;Администратор судов (Судебная администрация);Павлодарская область;Жумамуратов Азамат Аллабергенович;Павлодарская область, г.Павлодар, ул. Пл.Победы, 1;8-7182-70-45-33;718-0098@sud.kz;
Северо-Казахстанский областной суд;Областной суд;Северо-Казахстанская область;Айтжанов Ерлан Жумаханович;"Северо-Казахстанская область, г. Петропавловск, ул. Конституции Казахстана, 3;";8-7152-55-11-11;1501@sud.kz;
Петропавловский городской суд;Городской суд;Северо-Казахстанская область;Гусев Михайл Михаилович;Северо-Казахстанская область, г.Петропавловск ул.Горького, 209;8-7152-46-29-43;150205@sud.kz;
Районный суд № 2 Айыртауского района;Городской суд;Северо-Казахстанская область;И.о. Сеитова Сагдат Сапаровна;Северо-Казахстанская область, Айыртауский район с.Арыкбалык ул.Кирова,22;8-7153-34-15-51;150213@sud.kz;
Районный суд № 2 Тайыншинского района;Городской суд;Северо-Казахстанская область;Альназиров Кайрош Бейсекович;Северо-Казахстанская область, Тайыншинский район, с.Келлеровка ул.Ленина 116;8-7153-65-16-00;150208@sud.kz;
Районный суд № 2 района им. Г.Мусрепова;Городской суд;Северо-Казахстанская область;И.о. Кочубаев Асылхан Болатович;Северо-Казахстанская область, район им. Г.Мусрепова, с.Чистополье ул.50 лет Октября -98;8-7153-54-100-4;150211@sud.kz;
Районный суд № 3 Тайыншинского района;Городской суд;Северо-Казахстанская область;И.о. Жумабаева Алтынай Сембаевна;Северо-Казахстанская область, Тайыншинский район с. Чкалово ул. Гагарина, 28;8-7153-67-08-81;150209@sud.kz;
Суд №2 города Петропавловск;Городской суд;Северо-Казахстанская область;Ибраев Ерлан Тенбаевич;"Северо-Казахстанская область, г. Петропавловск, ул. Брусиловского, 60;";8-7152-55-50-01;150206@sud.kz;
Айыртауский районный суд;Районный суд;Северо-Казахстанская область;И.о. Койлыбаев Сания Нургалиевна;Северо-Казахстанская область Айыртауский район, с.Саумалколь, ул.Достык, 45;8-7153-32-25-96;150212@sud.kz;
Акжарский районный суд;Районный суд;Северо-Казахстанская область;И.о. Аргимбаева Карлыгаш Кайргельдиновна;Северо-Казахстанская область Акжарский район с. Талшик ул. Целинная 2;8-7154-62-13-40;150214@sud.kz;
Аккайынский районный суд;Районный суд;Северо-Казахстанская область;Алиев Мухтар Молдабаевич;Северо-Казахстанская область Аккайынский район с.Смирново, ул. Зеленая, 19;8-7153-22-24-04;150215@sud.kz;
Есильский районный суд;Районный суд;Северо-Казахстанская область;Куниязов Зафарбек Сохпатбекович;"Северо-Казахстанская область, Есильский район, с. Явленка ул. Ленина, 3;";8-7154-32-15-91;150216@sud.kz;
Жамбылский районный суд;Районный суд;Северо-Казахстанская область;И.о. Жиенбаева Газиза Куантаевна;Северо-Казахстанская область, Жамбылский район с.Пресновка ул Батырева;8-7154-42-11-45;150217@sud.kz;
Кызылжарский районный суд;Районный суд;Северо-Казахстанская область;Смагулов Танат Орынбаевич;Северо-Казахстанская область, Кызылжарский район, а. Бесколь, ул. Комарова, 1;8-7153-82-16-01;150218@sud.kz;
Мамлютский районный суд;Районный суд;Северо-Казахстанская область;И.о. Еганова Елена Владимировна;Северо-Казахстанская область, г. Мамлютка ул. Ленина, 44;8-7154-12-18-41;150219@sud.kz;
Суд района М.Жумабаева;Районный суд;Северо-Казахстанская область;Әріпхан Нартай Әскербекұлы;Северо-Казахстанская область, г.Булаево ул.Абая 22 район М.Жумабаева;8-7153-12-19-74;150220@sud.kz;
Суд района Шал акын;Районный суд;Северо-Казахстанская область;Курынова Татьяна Борисовна;Северо-Казахстанская область, г.Сергеевка ул.Победы.44;8-7153-42-05-08;150223@sud.kz;
Суд района им. Г.Мусрепова;Районный суд;Северо-Казахстанская область;И.о. Балгабекова Гульжанат Жолаушиновна;Северо-Казахстанская область, район им. Г.Мусрепова, с.Новоишимское, ул.Аблай-хана,34;8-7153-52-17-90;150210@sud.kz;
Тайыншинский районный суд;Районный суд;Северо-Казахстанская область;Парманов Асхар Сагындыкович;Северо-Казахстанская область, г. Тайынша ул. Конституции Казахстана 199;8-7153-62-29-74;150207@sud.kz;
Тимирязевский районный суд;Районный суд;Северо-Казахстанская область;Альжанова Гульм Еламановна;Северо-Казахстанская область, Тимирязевский район с. Тимирязево ул. Валиханова 9;8-7153-72-16-02;150221@sud.kz;
Уалихановский районный суд;Районный суд;Северо-Казахстанская область;Темирбеков Серик Турсумбаевич;Северо-Казахстанская область, Уалихановский район с. Кишкенеколь, ул. Уалиханова, 117;8-7154-22-13-78;150222@sud.kz;
Специализированный межрайонный административный суд Северо-Казахстанской области;Специализированный административный суд;Северо-Казахстанская область;Мустафин Бердибек Ермекович;Северо-Казахстанская область, г.Петропавловск ул.Бруссиловского 60;-;-;
Специализированный суд по административным правонарушениям города Петропавловска;Специализированный административный суд;Северо-Казахстанская область;Шамуратов Дамир Еркинович;Северо-Казахстанская область, г.Петропавловск ул.Горького 209 А;8-7152-49-04-83;150201@sud.kz;
Специализированный межрайонный экономический суд Северо-Казахстанской области;Специализированный экономический суд;Северо-Казахстанская область;Жайжуманов Бауыржан Абаевич;Северо-Казахстанская область, г. Петропавловск, ул. Брусиловского, 60;8-7152-55-50-55;150203@sud.kz;
Специализированный межрайонный суд по уголовным делам Северо-Казахстанской области;Суд по уголовным делам;Северо-Казахстанская область;Викторенко Сергей Васильевич;Северо-Казахстанская область, г.Петропавловск, ул.Горького, 209А;8-7152-46-52-29;150202@sud.kz;
Специализированный следственный суд города Петропавловска Северо-Казахстанской области;Следственный суд;Северо-Казахстанская область;Қайратұлы Дәурен;"Северо-Казахстанская область, г. Петропавловск, ул. Горького 209;";87152 -36-08-08;150258@sud.kz;
Специализированный межрайонный суд по делам несовершеннолетних Северо-Казахстанской области;Суд по делам несовершеннолетних;Северо-Казахстанская область;Жанаков Айдархан Ержанович;Северо-Казахстанская область, г.Петропавловск ул.Горького, 209;8-7152-36-14-60;150204@sud.kz;
Администратор судов по Северо-Казахстанской области;Администратор судов (Судебная администрация);Северо-Казахстанская область;Саутов Биржан Абдимуталипович;"Северо-Казахстанская область, г.Петропавловск, ул. Горького 209;";8 -7152-55-11-90;1501@sud.kz;
Туркестанский областной суд;Областной суд;Туркестанская область;Мыятбеков Турысбек Ерболганович;Туркестанская область, г.Туркестан, ул. Нышанова, б/н;8-72533-75-074;725-0001@sud.kz;
Туркестанский городской суд;Городской суд;Туркестанская область;Жанбырбаева Айгуль Махмутовна;Туркестанская область, город Туркестан, ул.К.Байсеитова б/н;8-7253-34-20-46;725-4001@sud.kz;
Байдибекский районный суд;Районный суд;Туркестанская область;Каракулов Ермек Жанабайулы;Туркестанская область, Байдибекский район, село Шаян, улица Караманулы №50;8-7254-82-16-78;725-4601@sud.kz;
Казыгуртский районный суд;Районный суд;Туркестанская область;Тогызбаев Ильяс Жумабекулы;Туркестанская область, Казыгуртский район, село Казыгурт, ул. Ш.Уалиханова б/н;8-7253-92-11-75;725-3701@sud.kz;
Келесский районный суд;Районный суд;Туркестанская область;Абубакир Канат Акимжанулы;Туркестанская область, Келесский район, село Абай, ул.Конаева 38;8-7253-23-06-92;725-3401@sud.kz;
Мактаральский районный суд;Районный суд;Туркестанская область;Мусаев Кунанбай Абибуллаевич;Туркестанская область, Махтааральский район, поселок Мырзакент, ул.Мадиходжаев 17;8-725-41-2-15-46;725-3001@sud.kz;
Сайрамский районный суд;Районный суд;Туркестанская область;Дуйсебеков Курмангали Дуйсебекович;Туркестанская область, Сайрамский район, село Ақсу, ул.Жандарбекова 8;8-7253-12-25-59;725-3901@sud.kz;
Сарыагашский районный суд;Районный суд;Туркестанская область;Шетенов Нурказы Бектаевич;Туркестанская область, Сарыагашский район, город Сарыагаш, ул.Майлы-Қожа б/н;8-7253-72-26-11;725-3301@sud.kz;
Сузакский районный суд;Районный суд;Туркестанская область;Дәуренбеков Ақылбек Сергейұлы;Туркестанская область, Созакский район, село Шолаккорган, ул.Жибек-жолы б/н;8-7254-64-22-48;725-4101@sud.kz;
Толебийский районный суд;Районный суд;Туркестанская область;Сейтжапбаров Жанибек Алибекович;Туркестанская область, Толебиский район, город Ленгер, ул. Айтеке би 16;8-7254-76-13-41;725-4501@sud.kz;
Тюлькубасский районный суд;Районный суд;Туркестанская область;Бекназаров Маратали Усербаевич;Туркестанская область, Тюлькубасский район, село Т.Рысқұлов, улица Т.Рысқұлов б/н;8-7253-52-25-95;725-4301@sud.kz;
Шардаринский районный суд;Районный суд;Туркестанская область;И.о. Ондыбаева Светлана Рысбековна;Туркестанская область, Шардаринский район, город Шардара, ул.Төлеби, 31;8-7253-52-25-69;725-3601@sud.kz;
Специализированный межрайонный административный судТуркестанской области;Специализированный административный суд;Туркестанская область;Шарипов Марат Ырсынбетұлы;Туркестанская область, город Туркестан, ул. Т.Нышанова;-;-;
Специализированный суд по административным правонарушениям Сарыагашского района;Специализированный административный суд;Туркестанская область;Каипов Берик Бекмуратович;Туркестанская область, Сарыагашский район, город Сарыагаш, ул.Майлы Кожа б/н;8-7253-72-35-33;725-3201@sud.kz;
Специализированный суд по административным правонарушениям города Туркестана Туркестанской области;Специализированный административный суд;Туркестанская область;Ешпанов Нурбол Алиакпарулы;Туркестанская область, город Туркестан, ул. Тауке хана, 256;8-725-33-4-09-44;725-1910@sud.kz;
Специализированный межрайонный экономический суд Туркестанской области;Специализированный экономический суд;Туркестанская область;Рыскулбеков Курасбек Онласбекович;Туркестанская область, город Туркестан, квартал №160, б/н;8-725-33-5-97-04;725-2401@sud.kz;
Специализированный межрайонный суд по уголовным делам Туркестанской области;Суд по уголовным делам;Туркестанская область;Калмагамбетов Касым Серикович;Туркестанская область, город Туркестан, ул.Тауке хана, 256;8-725-33-4-10-59;725-2001@sud.kz;
Специализированный следственный суд города Туркестана Туркестанской области;Следственный суд;Туркестанская область;Лебаев Адильбек Гуламович;Туркестанская область, город Туркестан, ул. Тауке хана, 256;8-725-33-4-10-64;725-2802@sud.kz;
Специализированный межрайонный суд по делам несовершеннолетних Туркестанской области;Суд по делам несовершеннолетних;Туркестанская область;Конырбаев Канатбек Досаевич;Туркестанская область, город Туркестан, ул. Тауке хана, 256;8-725-33-4-09-40;725-2201@sud.kz;
Администратор судов по Туркестанской области;Администратор судов (Судебная администрация);Туркестанская область;Мақұлбаев Жеңіс Тілләбайұлы;"Туркестанская область, город Туркестан, ул.К.Татибаева 27 ""б""";8-725-33-7-50-75;725-0007@sud.kz;
Алматинский городской суд;Городской суд;г. Алматы;Смайлов Аскар Спартакович;г.Алматы, ул. Казыбек Би 66;8-727-330-88-01;727-0441@sud.kz;
Районный суд №2 Алмалинского района;Городской суд;г. Алматы;Толегенов Серик Кенесович;"г.Алматы, ул.Толеби, 267;";8-727-333-11-56;727-2872@sud.kz;
Районный суд №2 Ауэзовского района;Городской суд;г. Алматы;Аркинов Даулет Аркинович;"г. Алматы, ул.Куанышбаева, 44-а;";8-727-333-12-00;727-3204@sud.kz;
Районный суд №2 Бостандыкского района;Городской суд;г. Алматы;И.о. Кван Елена Робертовна;"г.Алматы, ул. Карасай батыра, 85;";8-727-333-12-48;727-3660@sud.kz;
Районный суд №2 Жетысуского района;Городской суд;г. Алматы;И.о. Байболов Сержан Калимолданович;"г.Алматы, ул.Сейфуллина, 286 а;";8-727-333-12-82;727-4060@sud.kz;
Районный суд №2 Медеуского района;Городской суд;г. Алматы;Маликова Айгуль Шарифхановна;"г. Алматы, ул.Карасай батыра 85;";8-727-333-13-35;727-4801@sud.kz;
Алатауский районный суд;Районный суд;г. Алматы;Бекбатыр Ғалым Шәріпханұлы;г.Алматы, ул.Жанкожа батыра, 26;8-727-333-14-01;727-4601@sud.kz;
Алмалинский районный суд;Районный суд;г. Алматы;Ешеев Ардак Болатханович;"г.Алматы, ул.Шарипова, 52;";8-727-333-11-16;727-2664@sud.kz;
Ауэзовский районный суд;Районный суд;г. Алматы;Сырлыбаев Канат Кадирович;"г.Алматы, ул.Куанышбаева, 44-а;";8-727-333-11-72;727-3001@sud.kz;
Бостандыкский районный суд;Районный суд;г. Алматы;Тлеубаев Даурен Ниязбекович;"г.Алматы, мкр. Орбита-2, дом 20-а;";8-727-333-12-41;727-3485@sud.kz;
Жетысуский районный суд;Районный суд;г. Алматы;Хожабергенов Мурат Амангельдиевич;"г. Алматы, ул. Сейфуллина, 286;";8-727-333-12-71;727-3865@sud.kz;
Медеуский районный суд;Районный суд;г. Алматы;Боранбаев Асет Канатулы;"г. Алматы, ул.Нусупбекова 34;";8-727-333-13-00;727-4201@sud.kz;
Наурызбайский районный суд;Районный суд;г. Алматы;И.о. Оспанова Дарига Казбековна;"г. Алматы, мкр.Шугыла дом 222/1;";8-727-333-13-51;727-4760@sud.kz;
Турксибский районный суд;Районный суд;г. Алматы;Мухамбетжан Жомарт Амантайулы;"г.Алматы ул. Спартака 11;";8-727-333-13-74;727-4404@sud.kz;
Специализированный межрайонный административный суд г. Алматы;Специализированный административный суд;г. Алматы;Бегалиев Бахытбек Адильханович;"г. Алматы, ул. Карасай батыра, 85;";-;-;
Специализированный суд по административным правонарушениям г. Алматы;Специализированный административный суд;г. Алматы;Тажиханов Бакытжан Абдисаттарович;"г. Алматы, ул. Маркова 34;";8-727-333-10-01;727-1860@sud.kz;
Специализированный межрайонный экономический суд г. Алматы;Специализированный экономический суд;г. Алматы;Ерзаков Мухамеджан Темирханович;"г. Алматы, ул.Байзакова 273 б;";8-727-333-10-61;727-2460@sud.kz;
Специализированный межрайонный суд по уголовным делам г. Алматы;Суд по уголовным делам;г. Алматы;Какимжанов Мартпек Ашимович;"г.Алматы, ул.Карасай батыра 85;";8-727-333-14-18;727-2060@sud.kz;
Специализированный межрайонный суд по делам несовершеннолетних г. Алматы;Суд по делам несовершеннолетних;г. Алматы;И.о. Кенесова Самал Жолмуратовна;"г.Алматы ул. Маркова 34;";8-727-333-11-05;727-2201@sud.kz;
Военный суд Алматинского гарнизона;Военный суд;г. Алматы;Жексембиев Нуркен Жакыпович;г.Алматы, ул.Тимирязева,48;8-7273-33-14-22;020217@sud.kz;
Администратор судов по городу Алматы;Администратор судов (Судебная администрация);г. Алматы;Кужахметов Ержан Кайроллаевич;г.Алматы ул. Казыбек Би 66;8-727-330-91-04;727-0007@sud.kz;
Верховный Суд Республики Казахстан;Верховный суд;г. Астана;Асанов Жакип Кажманович;г.Нур-Султан, ул. Кунаева, 39;8-7172-71-02-70;707-0004@sud.kz;
Департамент по обеспечению деятельности судов при Верховном Суде Республики Казахстан (аппарат Верховного Суда Республики Казахстан);Верховный суд;г. Астана;Ахметзакиров Наиль Рафисович;г.Нур-Султан, ул. Кунаева, 39;8-7172-71-02-70;707-0203@sud.kz;
Районный суд № 2 Алматинского района;Городской суд;г. Астана;Байбосынова Сандугаш Досановна;г.Нур-Султан, пр.Победы, 15 а;8-7172-71-04-42;010202@sud.kz;
Районный суд № 2 Есильского района;Городской суд;г. Астана;Есенов Бахытжан Жуманалиевич;г.Нур-Султан, ул.Сауран 32, блог А;8-7172-55-98-90;010206@sud.kz;
Районный суд № 2 Сарыаркинского района;Городской суд;г. Астана;Карабаев Абинур Бердыбекович;г.Нур-Султан, пр.Победы д.15 а;8-7172-71-04-14;010204@sud.kz;
Суд города Нур-Султан;Городской суд;г. Астана;Барпибаев Тлектес Ешеевич;г.Нур-Султан, ул.Сауран 32, блог B;8-7172-55-20-79;0101@sud.kz;
"суд №2 района ""Байқоңыр"" г.Нур-Султан";Городской суд;г. Астана;Имашев Кеменгер Болатович;г.Нур-Султан, пр. Победы, 15 а;8-7172-71-04-47;010221@sud.kz;
Алматинский районный суд;Районный суд;г. Астана;Бакишев Асан Болатович;г.Нур-Султан, ул.Абая 36;8-7172-71-06-03;010201@sud.kz;
Есильский районный суд;Районный суд;г. Астана;Мажитов Руслан Бакытжанович;г.Нур-Султан, ул. Сауран 32, блог А;8-7172-55-98-74;010205@sud.kz;
Сарыаркинский районный суд;Районный суд;г. Астана;Пернекулова Жанира Айдарбековна;г.Нур-Султан, ул. Желтоксан, 43/1;8-7172-71-04-67;010203@sud.kz;
"Суд района ""Байқоңыр"" г.Нур-Султан";Районный суд;г. Астана;Шамиев Нурбол Сунгатович;г.Нур-Султан, пр.Абая 36;8-7172-71-06-04;010229@sud.kz;
Специализированный межрайонный административный суд г.Нур-Султан;Специализированный административный суд;г. Астана;вакансия;г.Нур-Султан, ул.Мангилик Ел, 10;-;-;
Специализированный суд по административным правонарушениям г.Нур-Султан;Специализированный административный суд;г. Астана;Ахметкалиев Бауыржан Нурсапанович;г.Нур-Султан, пр. Тауелсиздик 34/1;8-7172-71-08-01;010208@sud.kz;
Специализированный межрайонный экономический суд г.Нур-Султан;Специализированный экономический суд;г. Астана;И.о. Нурланов Болат Келденович;г.Нур-Султан, ул.Сауран 32, блог С;8-7172-55-24-85;010207@sud.kz;
Специализированный межрайонный военный суд по уголовным делам;Суд по уголовным делам;г. Астана;Сатыбалдин Мирас Калиевич;г.Нур-Султан, ул. Омарова,57;8-7172-71-05-51;020218@sud.kz;
Специализированный межрайонный суд по уголовным делам г.Нур-Султан;Суд по уголовным делам;г. Астана;И.о. Мекемтас Қажымұқан Мекемтасұлы;г.Нур-Султан, ул. Омарова, 57;8-7172-71-05-45;010210@sud.kz;
Специализированный межрайонный следственный суд города Нур-Султан;Следственный суд;г. Астана;Копбосынов Тимур Нурланович;г.Нур-Султан, ул.Сауран 32, блог А;8-7172-55-42-37;010258@sud.kz;
Специализированный межрайонный суд по делам несовершеннолетних города Нур-Султан;Суд по делам несовершеннолетних;г. Астана;Алпысбаева Жанаргуль Кабылдааевна;г.Нур-Султан, ул. Есенберлина, 30/1;8-7172-71-08-81;010209@sud.kz;
Администратор Военного суда;Военный суд;г. Астана;Алмашов Нуртай Жолтаевич;г.Нур-Султан, ул. Омарова,57;8-7172-71-02-04;714-6064@sud.kz;
Военный суд Акмолинского гарнизона;Военный суд;г. Астана;И.о. Ақпар Ринат Миратұлы;г.Нур-Султан, ул. Омарова,57;8-7172-71-05-58;010211@sud.kz;
Военный суд Республики Казахстан;Военный суд;г. Астана;Мұсабекұлы Жандос;г.Нур-Султан, ул.Омарова 57;8-7172-71-05-11;020201@sud.kz;
Администратор судов по городу Нур-Султан;Администратор судов (Судебная администрация);г. Астана;Тауымбеков Ренат Омарович;г.Нур-Султан, ул.Сауран 32, блог B;8-7172-55-22-92;0101@sud.kz;
Абайский районный суд города Шымкента;Городской суд;г. Шымкент;Мұратбекұлы Дидар;г. Шымкент, ул. Ш.Калдаякова, 7 «а»;8- 7252-56-79-79;725-2501@sud.kz;
Аль-Фарабийский районный суд города Шымкента;Городской суд;г. Шымкент;И.о. Туреханов Сабит Ондыбаевич;г. Шымкент, ул. Майлы кожа, 7;8- 7252-99-73-37;725-2801@sud.kz;
Каратауский районный суд города Шымкента;Городской суд;г. Шымкент;Налибаев Алпысбай Балгабекович;г. Шымкент, ул. Токаева, 17;8- 7252-99-73-01;725-4701@sud.kz;
Суд города Шымкент;Городской суд;г. Шымкент;Рахимбеков Ербол Мухажанович;г. Шымкент, ул. Туркестанская, 87;8- 7252-99-75-20;725-0021@sud.kz;
Энбекшшинский районный суд города Шымкента;Городской суд;г. Шымкент;И.о. Токбергенов Сайдыбаттал Лаулинович;г. Шымкент, ул. Желтоксан, 1;8- 7252-30-14-11;725-2601@sud.kz;
Специализированный межрайонный административный суд города Шымкента;Специализированный административный суд;г. Шымкент;Аметов Бек;г. Шымкент, ул. Тыныбаева, 42;-;-;
Специализированный суд по административным правонарушениям города Шымкента;Специализированный административный суд;г. Шымкент;Калдаров Галым Калижанович;г. Шымкент, ул. Тыныбаева, 42;8-7252-99-74-47;725-1801@sud.kz;
Специализированный экономический суд города Шымкента;Специализированный экономический суд;г. Шымкент;Майсаканов Малик Алмазович;г. Шымкент, ул. Тыныбаева, 42;8- 7252-99-74-59;725-2210@sud.kz;
Специализированный межрайонный суд по уголовным делам города Шымкента;Суд по уголовным делам;г. Шымкент;Шахидинов Абсаттар Абдукаликович;г. Шымкент, ул. Тыныбаева, 142;8- 7252-99-74-37;725-2010@sud.kz;
Специализированный следственный суд города Шымкента;Следственный суд;г. Шымкент;Мынбатыров Галым Канбатырович;г. Шымкент, ул. Токаева, 17;-;170258@sud.kz;
Специализированный межрайонный суд по делам несовершеннолетних города Шымкента;Суд по делам несовершеннолетних;г. Шымкент;Сайханов Даурен Тусюпханович;г. Шымкент, ул. Туркестанская, 87;8- 7252-99-74-60;725-2211@sud.kz;
Военный суд Шымкентского гарнизона;Военный суд;г. Шымкент;Карим Берик Сейтжанулы;г.Шымкент, ул.2 Зеленная балка 4;8-7252-95-38-67;130226@sud.kz;
Администратор судов по городу Шымкент;Администратор судов (Судебная администрация);г. Шымкент;Мейрханов Берик Талгарбекович;г.Шымкент, ул. Туркестанская, 87;8- 7252-99-75-20;725-0902@sud.kz;
