category,name,domain,target_url,submission_url,contact_url,email,phone,region,free_or_paid,link_type,nofollow_or_follow,requirements,recommended_landing_page,recommended_anchor,priority,status,verified_at,notes
maps,2ГИС,2gis.kz,https://2gis.kz/almaty,http://reklama.2gis.ru/add-info/,https://help.2gis.ru/question/kak-dobavit-kompaniyu-v-2gis,,,Алматы,free,profile,nofollow,"указать NAP из docs/ZAKONEXPERT-NAP.md, точный офис адреса пока не подтверждён — уточнить перед подачей",/contact,ZakonExpert,high,research,2026-07-15,"Проверено WebFetch. Модерация до 3 рабочих дней. Крупнейший локальный справочник KZ."
maps,Яндекс Бизнес Казахстан,business.yandex.kz,https://business.yandex.kz/,https://business.yandex.kz/,https://yandex.ru/support/business-priority/,,,Казахстан,free,profile,nofollow,"верификация по SMS/звонку или письмом на юр.адрес",/contact,ZakonExpert,high,research,2026-07-15,"Проверено WebFetch. Официальный сервис ТОО Яндекс Казахстан, регистрация бесплатная."
maps,Google Business Profile,business.google.com,https://business.google.com/,https://business.google.com/create,,,,Казахстан,free,profile,nofollow,"верификация звонком/письмом/видео",/contact,ZakonExpert,high,research,2026-07-15,"Общеизвестный официальный сервис Google, отдельная проверка через fetch не требуется."
directory,BiznesInfo.kz,biznesinfo.kz,https://biznesinfo.kz/company,https://biznesinfo.kz/company,,,,Казахстан,free,profile,nofollow,"добавление за один клик по данным поиска",/,ZakonExpert,medium,research,2026-07-15,"Домен подтверждён через WebSearch; прямой WebFetch не прошёл (ошибка TLS-сертификата) — перепроверить вручную перед подачей."
directory,Flagma.kz,flagma.kz,https://flagma.kz/companies/,https://flagma.kz/login,,,,Казахстан,free,profile,nofollow,"требуется регистрация личного кабинета перед добавлением компании",/,ZakonExpert,medium,research,2026-07-15,"Проверено WebFetch. 40 661 компания в каталоге на момент проверки."
directory,Контакт Plus (kps.kz),kps.kz,https://www.kps.kz/,,,,,Казахстан,free,profile,nofollow,,/,ZakonExpert,low,research,,"WebFetch не прошёл (таймаут DNS) — требуется ручная проверка доступности домена перед использованием."
regional_directory,BizGid.kz — Астана,bizgid.kz,https://bizgid.kz/astana/,https://bizgid.kz/astana/,,,,Астана,free,profile+minisite,nofollow,"бесплатная регистрация + мини-сайт компании, есть категория Юридические услуги",/snyatie-aresta-astana,ZakonExpert — Астана,medium,research,2026-07-15,"Проверено WebFetch. Точный URL формы регистрации не найден в контенте страницы — найти при заходе на сайт."
regional_directory,BizGid.kz — Шымкент,bizgid.kz,https://bizgid.kz/shimkent/,https://bizgid.kz/shimkent/,,,,Шымкент,free,profile+minisite,nofollow,аналогично Астане,/snyatie-aresta-shymkent,ZakonExpert — Шымкент,medium,research,2026-07-15,"Тот же сервис, что и bizgid.kz/astana — региональный раздел Шымкента, отдельно не фетчился."
regional_directory,inAstana.kz,inastana.kz,https://www.inastana.kz/catalog,https://www.inastana.kz/catalog,,,,Астана,unknown,profile,nofollow,"есть кнопка «Добавить предприятие»; платность не указана на странице — уточнить",/snyatie-aresta-astana,ZakonExpert — Астана,medium,research,2026-07-15,"Проверено WebFetch. Есть готовая категория «Юридические услуги»."
regional_directory,inShymkent.kz,inshymkent.kz,https://www.inshymkent.kz/catalog,https://www.inshymkent.kz/catalog,,,,Шымкент,unknown,profile,nofollow,"аналогичен inAstana.kz, отдельно не фетчился",/snyatie-aresta-shymkent,ZakonExpert — Шымкент,low,research,,"Найден через WebSearch, не проверен WebFetch — проверить вручную перед подачей."
regional_directory,TINFO — Талдыкорган,tinfo.kz,https://www.tinfo.kz/catalog-list/,,https://www.tinfo.kz/,,,Талдыкорган,unknown,profile,nofollow,"формы добавления в контенте не найдено, есть контактная ссылка «Связаться с TINFO»",/snyatie-aresta-taldykorgan,ZakonExpert — Талдыкорган,medium,research,2026-07-15,"Проверено WebFetch. Юридической категории в списке нет явно — уточнить, куда добавлять."
regional_directory,Talдyk.info — Талдыкорган,taldyk.info,https://taldyk.info/catalog.html,,,,,Талдыкорган,unknown,profile,nofollow,"форма добавления не найдена в контенте страницы",/snyatie-aresta-taldykorgan,ZakonExpert — Талдыкорган,low,research,2026-07-15,"Проверено WebFetch, но без деталей формы — писать напрямую администрации."
finance_directory,Profinance.kz,profinance.kz,https://profinance.kz/,,https://profinance.kz/contacts,partners@profinance.kz,,Казахстан,unknown,article/partner,unknown,"партнёрский email указан для рекламы/CPA — уточнить формат для юр. услуг при должниках",/mfo,помощь при аресте счёта,high,research,2026-07-15,"Проверено WebFetch дважды (главная + контакты). Ответ в течение 24ч в рабочие дни. Раздел про юр.услуги по взысканию долгов сейчас отсутствует — предложить как новый контент."
finance_directory,Kapital.kz,kapital.kz,https://kapital.kz/business,,https://kapital.kz/contacts.html,,+7 727 224-91-51,Алматы,unknown,press/guest-post,unknown,"использование материалов ограничено 30% текста с гиперссылкой без разрешения редакции",/press,ZakonExpert,high,research,2026-07-15,"Проверено WebFetch. Один из крупнейших деловых порталов KZ, адрес: Алматы, ул. Мынбаева 53/116, 4 этаж."
finance_directory,Forbes Kazakhstan,forbes.kz,https://forbes.kz/category/finance,https://forbes.kz/pages/contacts,https://forbes.kz/pages/contacts,,,Алматы,unknown,press,unknown,"нужен реальный инфоповод/экспертиза, не гостевой постинг за деньги",/press,ZakonExpert,high,research,2026-07-15,"Проверено WebFetch. Адрес редакции: пр-т Сейфуллина 498, Алматы."
media,Informburo.kz,informburo.kz,https://informburo.kz/,https://informburo.kz/page/contacts,https://informburo.kz/page/contacts,,,Казахстан,free,press,unknown,"есть Telegram-бот для новостных наводок",/press,ZakonExpert,high,research,2026-07-15,"Проверено WebFetch. Отдельная страница для рекламы: informburo.kz/page/advert."
media,Tengrinews.kz,tengrinews.kz,https://tengrinews.kz/,,,,,Казахстан,unknown,press,unknown,"крупнейший новостной портал KZ по данным поиска",/press,ZakonExpert,medium,research,,"Домен и профиль подтверждены через WebSearch (не проверялся отдельным WebFetch) — до подачи проверить актуальные контакты редакции вручную."
media,Zakon.kz,zakon.kz,https://zakon.kz/,,,,,Казахстан,unknown,press,unknown,"профильное юридическое СМИ, упомянуто в официальном перечне интернет-СМИ РК (election.gov.kz)",/press,ZakonExpert,medium,research,,"Домен подтверждён через WebSearch и через официальный список интернет-СМИ ЦИК РК; отдельный WebFetch не выполнялся."
media,Kursiv Media,kz.kursiv.media,https://kz.kursiv.media/,,,,,Казахстан,unknown,press,unknown,"деловое издание, есть материалы по банкам/МФО",/press,ZakonExpert,medium,research,,"Домен подтверждён через WebSearch (не проверялся отдельным WebFetch)."
legal_directory,MyQaz.kz — реестр юрлиц,myqaz.kz,https://myqaz.kz/directory/companies,,,,,Казахстан,unknown,mention,unknown,"это официальный реестр юрлиц по БИН, не каталог для размещения статей — полезен только как источник данных, не как площадка для ссылки",-,-,low,research,,"Справочный ресурс, не подходит как площадка для размещения ссылки на ZakonExpert — оставлено для справки, не для аутрича."
